ident,rank,name,recruit_year,comp_recruit_rating,stars,position,school,draft_grade,college,draft_year,overall,d_round,pick,position_y,draft_success,id,team,countablePlays,averagePPA.all,totalPPA.all,totalPPA.pass,totalPPA.rush,position,season,career_avgPPA,career_totalPPA
14811,15,Andre Debose,2009,0.9913,5,WR,Florida,30.0,Florida,2015.0,221.0,7.0,4.0,Wide Receiver,0,480211.0,Florida,7.0,-0.166,-1.163,-3.399,2.236,WR,2014.0,-0.166,-1.163
14814,19,Aaron Murray,2009,0.99,5,DUAL,Georgia,62.0,Georgia,2014.0,163.0,5.0,23.0,Quarterback,0,480210.0,Georgia,352.0,0.336,118.289,107.423,10.866,QB,2013.0,0.336,118.289
14827,31,Tajh Boyd,2009,0.984,5,PRO,Clemson,39.0,Clemson,2014.0,213.0,6.0,37.0,Quarterback,0,480221.0,Clemson,481.0,0.262,126.105,105.782,20.323,QB,2013.0,0.262,126.105
14848,52,Logan Thomas,2009,0.9719,4,PRO,Virginia Tech,61.0,Virginia Tech,2014.0,120.0,4.0,20.0,Quarterback,0,480239.0,Virginia Tech,483.0,0.231,111.505,114.49,-2.985,QB,2013.0,0.231,111.505
14877,87,AJ McCarron,2009,0.9594,4,PRO,Alabama,78.0,Alabama,2014.0,164.0,5.0,24.0,Quarterback,0,480215.0,Alabama,320.0,0.295,94.326,88.052,6.274,QB,2013.0,0.295,94.326
14931,148,Arthur Lynch,2009,0.93,4,TE,Georgia,45.0,Georgia,2014.0,155.0,5.0,15.0,Tight End,0,482783.0,Georgia,28.0,1.144,32.036,32.036,,TE,2013.0,1.144,32.036
14986,227,Carlos Hyde,2009,0.9078,4,FB,Ohio State,88.0,Ohio State,2014.0,57.0,2.0,25.0,Running Back,1,503303.0,Ohio State,207.0,0.306,63.25,5.726,57.524,RB,2013.0,0.306,63.25
15214,240,Kevin Norwood,2009,0.9051,4,WR,Alabama,66.0,Alabama,2014.0,123.0,4.0,23.0,Wide Receiver,0,482670.0,Alabama,31.0,1.372,42.531,42.531,,WR,2013.0,1.372,42.531
15215,244,Jeremy Gallon,2009,0.9043,4,ATH,Michigan,30.0,Michigan,2014.0,244.0,7.0,29.0,Wide Receiver,0,480899.0,Michigan,87.0,1.068,92.933,94.315,-1.382,WR,2013.0,1.068,92.933
15033,286,Tyler Gaffney,2009,0.8955,4,FB,Stanford,56.0,Stanford,2014.0,204.0,6.0,28.0,Running Back,0,482572.0,Stanford,320.0,0.115,36.796,3.081,33.715,RB,2013.0,0.115,36.796
15050,315,Derek Carr,2009,0.8913,4,PRO,Fresno State,68.0,Fresno State,2014.0,36.0,2.0,4.0,Quarterback,1,484080.0,Fresno State,602.0,0.283,170.323,158.911,11.412,QB,2013.0,0.283,170.323
15573,698,Ted Bolser,2009,0.8622,3,TE,Indiana,30.0,Indiana,2014.0,217.0,7.0,2.0,Tight End,0,480817.0,Indiana,30.0,0.697,20.897,20.897,,TE,2013.0,0.697,20.897
16550,1526,Devin Street,2009,0.8111,3,WR,Pittsburgh,44.0,Pittsburgh,2014.0,146.0,5.0,6.0,Wide Receiver,0,482855.0,Pittsburgh,54.0,0.916,49.439,51.122,-1.683,WR,2013.0,0.916,49.439
16675,1724,Ryan Grant,2009,0.7889,2,WR,Tulane,51.0,Tulane,2014.0,142.0,5.0,2.0,Wide Receiver,0,483321.0,Tulane,71.0,1.097,77.862,77.862,,WR,2013.0,1.097,77.862
16778,1972,Joey Iosefa,2009,0.7667,2,ATH,Hawai'i,,Hawai'i,2015.0,231.0,7.0,14.0,Running Back,0,504955.0,Hawai'i,128.0,0.067,8.582,8.379,0.204,RB,2013.0,0.24,31.78
17025,2261,Dri Archer,2009,0.7,2,APB,Kent State,68.0,Kent State,2014.0,97.0,3.0,33.0,Running Back,1,482107.0,Kent State,82.0,0.117,9.624,5.565,4.059,RB,2013.0,0.117,9.624
17154,62,C.J. Fiedorowicz,2010,0.968,4,TE,Iowa,72.0,Iowa,2014.0,65.0,3.0,1.0,Tight End,1,500825.0,Iowa,25.0,0.994,24.857,24.857,,TE,2013.0,0.994,24.857
17156,66,Blake Bell,2010,0.9678,4,DUAL,Oklahoma,48.0,Oklahoma,2015.0,117.0,4.0,18.0,Tight End,0,501882.0,Oklahoma,279.0,0.203,56.737,51.236,5.501,TE,2013.0,0.8720000000000001,75.474
17206,121,Martavis Bryant,2010,0.943,4,WR,Clemson,76.0,Clemson,2014.0,118.0,4.0,18.0,Wide Receiver,0,512321.0,Clemson,36.0,1.446,52.053,52.053,,WR,2013.0,1.446,52.053
17237,159,Randall Telfer,2010,0.9305,4,TE,USC,42.0,USC,2015.0,198.0,6.0,22.0,Tight End,0,500253.0,USC,5.0,0.888,4.442,4.442,,TE,2013.0,1.369,16.458
17484,216,Josh Huff,2010,0.9136,4,APB,Oregon,60.0,Oregon,2014.0,86.0,3.0,22.0,Wide Receiver,1,504757.0,Oregon,56.0,1.094,61.251,59.275,1.976,WR,2013.0,1.094,61.251
17295,237,Jalston Fowler,2010,0.9094,4,RB,Alabama,55.0,Alabama,2015.0,108.0,4.0,9.0,Fullback,0,504027.0,Alabama,20.0,0.119,2.372,-0.508,2.88,RB,2013.0,0.489,11.991999999999999
17305,248,Paul Richardson,2010,0.9063,4,WR,Colorado,74.0,Colorado,2014.0,45.0,2.0,13.0,Wide Receiver,1,505345.0,Colorado,80.0,0.816,65.269,64.727,0.541,WR,2013.0,0.816,65.269
17635,334,Sean Mannion,2010,0.8907,4,PRO,Oregon State,68.0,Oregon State,2015.0,89.0,3.0,25.0,Quarterback,1,504786.0,Oregon State,556.0,0.248,137.783,142.506,-4.723,QB,2013.0,0.384,206.005
17660,361,Trey Millard,2010,0.8875,3,TE,Oklahoma,40.0,Oklahoma,2014.0,245.0,7.0,30.0,Fullback,0,501902.0,Oklahoma,24.0,0.37,8.873,6.0,2.873,FB,2013.0,0.37,8.873
17741,465,Bud Sasser,2010,0.8764,3,WR,Missouri,33.0,Missouri,2015.0,201.0,6.0,25.0,Wide Receiver,0,501832.0,Missouri,26.0,0.848,22.047,22.047,,WR,2013.0,1.484,93.863
17749,482,Keith Mumphery,2010,0.8764,3,ATH,Michigan State,30.0,Michigan State,2015.0,175.0,5.0,39.0,Wide Receiver,0,503206.0,Michigan State,18.0,0.709,12.764,13.534,-0.77,WR,2013.0,1.7730000000000001,58.528000000000006
17788,510,James White,2010,0.8733,3,RB,Wisconsin,38.0,Wisconsin,2014.0,130.0,4.0,30.0,Running Back,0,503422.0,Wisconsin,240.0,0.187,44.825,19.12,25.705,RB,2013.0,0.187,44.825
17834,553,Quincy Enunwa,2010,0.8701,3,WR,Nebraska,39.0,Nebraska,2014.0,209.0,6.0,33.0,Wide Receiver,0,501848.0,Nebraska,43.0,1.094,47.04,48.897,-1.857,WR,2013.0,1.094,47.04
17837,567,Kenny Bell,2010,0.8701,3,ATH,Nebraska,69.0,Nebraska,2015.0,162.0,5.0,26.0,Wide Receiver,0,501842.0,Nebraska,51.0,0.803,40.945,40.945,,WR,2013.0,1.4500000000000002,92.745
17876,595,Trevor Siemian,2010,0.8684,3,PRO,Northwestern,30.0,Northwestern,2015.0,250.0,7.0,33.0,Quarterback,0,500419.0,Northwestern,309.0,0.269,83.205,77.601,5.604,QB,2013.0,0.367,127.793
17948,690,Malcolm Johnson,2010,0.8653,3,WR,Mississippi State,20.0,Mississippi State,2015.0,195.0,6.0,19.0,Tight End,0,504267.0,Mississippi State,34.0,0.593,20.16,20.16,,TE,2013.0,1.3820000000000001,51.708
17980,701,Andre Williams,2010,0.8639,3,RB,Boston College,69.0,Boston College,2014.0,113.0,4.0,13.0,Running Back,0,501673.0,Boston College,323.0,-0.014,-4.485,,-4.485,RB,2013.0,-0.014,-4.485
18050,726,DeAndre Smelter,2010,0.8622,3,ATH,Georgia Tech,50.0,Georgia Tech,2015.0,132.0,4.0,33.0,Wide Receiver,0,551571.0,Georgia Tech,21.0,1.141,23.969,23.356,0.613,WR,2013.0,2.351,96.58699999999999
18011,756,Alfred Blue,2010,0.8622,3,RB,LSU,33.0,LSU,2014.0,181.0,6.0,5.0,Running Back,0,504163.0,LSU,75.0,0.038,2.884,6.479,-3.595,RB,2013.0,0.038,2.884
18103,812,Blake Bortles,2010,0.859,3,PRO,UCF,91.0,UCF,2014.0,3.0,1.0,3.0,Quarterback,1,505719.0,UCF,406.0,0.387,157.155,125.959,31.196,QB,2013.0,0.387,157.155
18116,821,Jordan Akins,2010,0.859,3,WR,UCF,61.0,UCF,2018.0,98.0,3.0,34.0,Tight End,1,3128452.0,UCF,20.0,0.164,3.271,3.271,,WR,2014.0,2.798,81.123
18932,950,Garrett Grayson,2010,0.8556,3,DUAL,Colorado State,65.0,Colorado State,2015.0,75.0,3.0,11.0,Quarterback,1,515528.0,Colorado State,488.0,0.198,96.487,85.951,10.536,QB,2013.0,0.649,298.008
18182,977,Tony Lippett,2010,0.8542,3,ATH,Michigan State,45.0,Michigan State,2015.0,156.0,5.0,20.0,Wide Receiver,0,503204.0,Michigan State,48.0,1.196,57.428,57.842,-0.414,WR,2013.0,2.13,155.488
17458,1083,Bryce Petty,2010,0.8505,3,PRO,Baylor,73.0,Baylor,2015.0,103.0,4.0,4.0,Quarterback,0,480746.0,Baylor,432.0,0.308,132.983,128.614,4.369,QB,2013.0,0.649,306.144
18325,1128,Brandon Doughty,2010,0.8479,3,PRO,Western Kentucky,39.0,Western Kentucky,2016.0,223.0,7.0,2.0,Quarterback,0,504866.0,Western Kentucky,355.0,0.293,103.992,108.986,-4.994,QB,2013.0,1.255,645.028
18432,1240,Jeremy Langford,2010,0.8434,3,ATH,Michigan State,69.0,Michigan State,2015.0,106.0,4.0,7.0,Running Back,0,503202.0,Michigan State,294.0,-0.006,-1.788,9.805,-11.594,RB,2013.0,0.208,61.012
18468,1276,Jordan Matthews,2010,0.8417,3,WR,Vanderbilt,83.0,Vanderbilt,2014.0,42.0,2.0,10.0,Wide Receiver,1,500884.0,Vanderbilt,121.0,0.772,93.365,90.882,2.483,WR,2013.0,0.772,93.365
18513,1334,Geremy Davis,2010,0.8385,3,WR,Connecticut,47.0,Connecticut,2015.0,186.0,6.0,10.0,Wide Receiver,0,502295.0,Connecticut,74.0,1.267,93.732,93.732,,WR,2013.0,1.775,127.25800000000001
19065,1417,Crockett Gillmore,2010,0.8333,3,TE,Colorado State,54.0,Colorado State,2014.0,99.0,3.0,35.0,Tight End,1,502878.0,Colorado State,53.0,0.666,35.305,35.305,,TE,2013.0,0.666,35.305
19068,1448,Keith Wenning,2010,0.8333,3,DUAL,Ball State,42.0,Ball State,2014.0,194.0,6.0,18.0,Quarterback,0,503695.0,Ball State,489.0,0.325,158.85,153.717,5.133,QB,2013.0,0.325,158.85
19060,1471,Clive Walford,2010,0.8333,3,TE,Miami,80.0,Miami,2015.0,68.0,3.0,4.0,Tight End,1,501147.0,Miami,31.0,1.012,31.379,31.379,,TE,2013.0,2.151,90.603
19086,1474,Da'Ron Brown,2010,0.8333,3,WR,Northern Illinois,42.0,Northern Illinois,2015.0,233.0,7.0,16.0,Wide Receiver,0,502538.0,Northern Illinois,50.0,0.853,42.652,40.942,1.709,WR,2013.0,1.3599999999999999,109.528
17509,1482,Jerick McKinnon,2010,0.8333,3,RB,Georgia Southern,51.0,Georgia Southern,2014.0,96.0,3.0,32.0,Running Back,1,505844.0,Georgia Southern,1.0,-1.048,-1.048,-1.048,,WR,2013.0,-1.048,-1.048
17538,1593,Tevin Reese,2010,0.8273,3,WR,Baylor,49.0,Baylor,2014.0,240.0,7.0,25.0,Wide Receiver,0,480747.0,Baylor,32.0,1.028,32.888,32.888,,WR,2013.0,1.028,32.888
19574,4,Karlos Williams,2011,0.9976,5,S,Florida State,47.0,Florida State,2015.0,155.0,5.0,19.0,Running Back,0,517390.0,Florida State,89.0,0.28,24.941,3.003,21.938,RB,2013.0,0.464,58.513000000000005
19587,13,De'Anthony Thomas,2011,0.9926,5,APB,Oregon,65.0,Oregon,2014.0,124.0,4.0,24.0,Running Back,0,511464.0,Oregon,109.0,0.278,30.262,20.584,9.677,RB,2013.0,0.278,30.262
19584,15,Jarvis Landry,2011,0.9922,5,WR,LSU,84.0,LSU,2014.0,63.0,2.0,31.0,Wide Receiver,1,517229.0,LSU,74.0,1.287,95.23,95.23,,WR,2013.0,1.287,95.23
19589,20,Sammy Watkins,2011,0.9906,5,WR,Clemson,96.0,Clemson,2014.0,4.0,1.0,4.0,Wide Receiver,1,512839.0,Clemson,98.0,0.694,67.98,70.651,-2.671,WR,2013.0,0.694,67.98
19597,27,Nick O'Leary,2011,0.9873,5,TE,Florida State,59.0,Florida State,2015.0,194.0,6.0,18.0,Tight End,0,517377.0,Florida State,26.0,1.532,39.831,39.831,,TE,2013.0,2.186,86.924
19600,29,Braxton Miller,2011,0.9847,5,DUAL,Ohio State,81.0,Ohio State,2016.0,85.0,3.0,22.0,Wide Receiver,1,512838.0,Ohio State,366.0,0.174,63.505,32.942,30.564,QB,2013.0,0.435,84.358
19606,36,Charone Peake,2011,0.9783,4,WR,Clemson,68.0,Clemson,2016.0,241.0,7.0,20.0,Wide Receiver,0,511213.0,Clemson,7.0,1.01,7.073,7.073,,WR,2013.0,2.136,58.371
19614,41,Austin Seferian-Jenkins,2011,0.9765,4,TE,Washington,81.0,Washington,2014.0,38.0,2.0,6.0,Tight End,1,513064.0,Washington,26.0,1.297,33.716,33.716,,TE,2013.0,1.297,33.716
19613,42,Ben Koyack,2011,0.9765,4,TE,Notre Dame,50.0,Notre Dame,2015.0,229.0,7.0,12.0,Tight End,0,517617.0,Notre Dame,7.0,1.373,9.614,9.614,,TE,2013.0,1.9180000000000001,33.044
19615,46,Marqise Lee,2011,0.975,4,ATH,USC,90.0,USC,2014.0,39.0,2.0,7.0,Wide Receiver,1,513334.0,USC,57.0,0.864,49.222,49.91,-0.688,WR,2013.0,0.864,49.222
19638,67,Brett Hundley,2011,0.9645,4,DUAL,UCLA,59.0,UCLA,2015.0,147.0,5.0,11.0,Quarterback,0,511982.0,UCLA,448.0,0.361,161.844,133.859,27.985,QB,2013.0,0.6859999999999999,328.707
19670,98,Teddy Bridgewater,2011,0.9515,4,DUAL,Louisville,89.0,Louisville,2014.0,32.0,1.0,32.0,Quarterback,1,511614.0,Louisville,432.0,0.47,203.22,189.808,13.412,QB,2013.0,0.47,203.22
19672,104,Devonta Freeman,2011,0.949,4,RB,Florida State,71.0,Florida State,2014.0,103.0,4.0,3.0,Running Back,0,514134.0,Florida State,178.0,0.193,34.382,21.812,12.569,RB,2013.0,0.193,34.382
19685,114,Kenny Hilliard,2011,0.9432,4,RB,LSU,31.0,LSU,2015.0,235.0,7.0,18.0,Running Back,0,517214.0,LSU,62.0,-0.024,-1.463,-0.915,-0.548,RB,2013.0,0.20900000000000002,19.741
19686,119,Jace Amaro,2011,0.9408,4,TE,Texas Tech,84.0,Texas Tech,2014.0,49.0,2.0,17.0,Tight End,1,514480.0,Texas Tech,101.0,1.023,103.296,103.296,,TE,2013.0,1.023,103.296
19694,126,Kelvin Benjamin,2011,0.9377,4,WR,Florida State,75.0,Florida State,2014.0,28.0,1.0,28.0,Wide Receiver,1,514119.0,Florida State,42.0,1.45,60.895,60.895,,WR,2013.0,1.45,60.895
19702,133,Donte Moncrief,2011,0.9349,4,WR,Ole Miss,68.0,Ole Miss,2014.0,90.0,3.0,26.0,Wide Receiver,1,512013.0,Ole Miss,57.0,1.01,57.562,57.562,,WR,2013.0,1.01,57.562
19713,145,Cody Kessler,2011,0.9311,4,PRO,USC,50.0,USC,2016.0,93.0,3.0,30.0,Quarterback,1,513329.0,USC,350.0,0.282,98.785,91.481,7.304,QB,2013.0,1.083,503.244
19736,162,Evan Spencer,2011,0.9243,4,WR,Ohio State,30.0,Ohio State,2015.0,187.0,6.0,11.0,Wide Receiver,0,514182.0,Ohio State,21.0,0.587,12.336,12.489,-0.152,WR,2013.0,0.814,20.497
19747,179,Troy Niklas,2011,0.9187,4,SDE,Notre Dame,79.0,Notre Dame,2014.0,52.0,2.0,20.0,Tight End,1,517624.0,Notre Dame,28.0,1.323,37.035,37.035,,TE,2013.0,1.323,37.035
19768,198,Nick Vannett,2011,0.9116,4,TE,Ohio State,80.0,Ohio State,2016.0,94.0,3.0,31.0,Tight End,1,514185.0,Ohio State,7.0,0.856,5.992,5.992,,TE,2013.0,2.293,37.734
19801,232,Ty Montgomery,2011,0.9026,4,WR,Stanford,68.0,Stanford,2015.0,94.0,3.0,30.0,Wide Receiver,1,516363.0,Stanford,60.0,1.092,65.492,59.881,5.611,WR,2013.0,1.371,95.029
19802,234,Daniel Lasco,2011,0.902,4,APB,California,54.0,California,2016.0,237.0,7.0,16.0,Running Back,0,517016.0,California,77.0,0.109,8.395,3.777,4.618,RB,2013.0,0.5,78.919
19814,247,C.J. Uzomah,2011,0.899,4,ATH,Auburn,,Auburn,2015.0,157.0,5.0,21.0,Tight End,0,511843.0,Auburn,9.0,1.219,10.973,10.973,,TE,2013.0,2.19,27.477000000000004
19820,252,Melvin Gordon,2011,0.8983,4,RB,Wisconsin,90.0,Wisconsin,2015.0,15.0,1.0,15.0,Running Back,1,514218.0,Wisconsin,195.0,0.223,43.439,0.034,43.405,RB,2013.0,0.62,187.40099999999998
19831,263,Tre Mason,2011,0.8954,4,RB,Auburn,78.0,Auburn,2014.0,75.0,3.0,11.0,Running Back,1,511828.0,Auburn,294.0,0.175,51.557,11.182,40.376,RB,2013.0,0.175,51.557
19855,287,Devin Smith,2011,0.8895,3,WR,Ohio State,88.0,Ohio State,2015.0,37.0,2.0,5.0,Wide Receiver,1,514181.0,Ohio State,36.0,0.873,31.431,31.431,,WR,2013.0,2.617,104.678
19872,303,DeVante Parker,2011,0.8865,3,WR,Louisville,92.0,Louisville,2015.0,14.0,1.0,14.0,Wide Receiver,1,511615.0,Louisville,46.0,1.116,51.317,51.317,,WR,2013.0,2.0170000000000003,111.71600000000001
19901,332,Ka'Deem Carey,2011,0.8799,3,RB,Arizona,61.0,Arizona,2014.0,117.0,4.0,17.0,Running Back,0,514099.0,Arizona,356.0,0.117,41.558,12.018,29.541,RB,2013.0,0.117,41.558
19903,335,Sammie Coates,2011,0.8795,3,WR,Auburn,77.0,Auburn,2015.0,87.0,3.0,23.0,Wide Receiver,1,515949.0,Auburn,33.0,1.2,39.602,39.602,,WR,2013.0,1.7919999999999998,82.81299999999999
19924,355,Brandon Allen,2011,0.8766,3,PRO,Arkansas,69.0,Arkansas,2016.0,201.0,6.0,26.0,Quarterback,0,515915.0,Arkansas,261.0,0.122,31.854,20.585,11.27,QB,2013.0,0.9550000000000001,371.822
19926,357,Kevin Hogan,2011,0.8764,3,PRO,Stanford,52.0,Stanford,2016.0,162.0,5.0,23.0,Quarterback,0,516357.0,Stanford,338.0,0.229,77.386,52.279,25.108,QB,2013.0,1.0579999999999998,409.429
19941,372,Brandin Cooks,2011,0.8746,3,WR,Oregon State,91.0,Oregon State,2014.0,20.0,1.0,20.0,Wide Receiver,1,511476.0,Oregon State,142.0,0.799,113.529,108.397,5.132,WR,2013.0,0.799,113.529
19944,375,Johnny Manziel,2011,0.874,3,DUAL,Texas A&M,90.0,Texas A&M,2014.0,22.0,1.0,22.0,Quarterback,1,517475.0,Texas A&M,496.0,0.359,178.26,130.085,48.175,QB,2013.0,0.359,178.26
19953,384,Phillip Dorsett,2011,0.8731,3,WR,Miami,88.0,Miami,2015.0,29.0,1.0,29.0,Wide Receiver,1,517570.0,Miami,10.0,1.384,13.841,13.841,,WR,2013.0,2.303,73.55199999999999
19959,391,Jerell Adams,2011,0.8724,3,WDE,South Carolina,78.0,South Carolina,2016.0,184.0,6.0,9.0,Tight End,0,535353.0,South Carolina,11.0,1.077,11.849,11.849,,TE,2013.0,2.615,64.325
19967,399,Cardale Jones,2011,0.8715,3,PRO,Ohio State,47.0,Ohio State,2016.0,139.0,4.0,41.0,Quarterback,0,534294.0,Ohio State,18.0,0.413,7.436,-1.044,8.48,QB,2013.0,0.964,113.747
19983,414,Jeff Heuerman,2011,0.8696,3,TE,Ohio State,69.0,Ohio State,2015.0,92.0,3.0,28.0,Tight End,1,514175.0,Ohio State,24.0,1.138,27.322,24.76,2.562,TE,2013.0,1.887,43.802
20008,439,Eric Ebron,2011,0.8671,3,TE,North Carolina,92.0,North Carolina,2014.0,10.0,1.0,10.0,Tight End,1,516329.0,North Carolina,66.0,1.115,73.588,72.241,1.347,TE,2013.0,1.115,73.588
20032,463,Ameer Abdullah,2011,0.8653,3,ATH,Nebraska,85.0,Nebraska,2015.0,54.0,2.0,22.0,Running Back,1,514508.0,Nebraska,286.0,0.174,49.738,14.951,34.787,RB,2013.0,0.45999999999999996,133.68
20061,492,Marcus Mariota,2011,0.8631,3,DUAL,Oregon,93.0,Oregon,2015.0,2.0,1.0,2.0,Quarterback,1,511459.0,Oregon,416.0,0.358,148.89,108.994,39.896,QB,2013.0,0.944,487.835
20162,593,Rory Anderson,2011,0.8575,3,TE,South Carolina,,South Carolina,2015.0,254.0,7.0,37.0,Tight End,0,515812.0,South Carolina,17.0,1.194,20.304,20.304,,TE,2013.0,1.492,32.229
20171,602,Dak Prescott,2011,0.8569,3,DUAL,Mississippi State,48.0,Mississippi State,2016.0,135.0,4.0,37.0,Quarterback,0,512030.0,Mississippi State,363.0,0.302,109.461,68.435,41.026,QB,2013.0,1.001,541.48
20238,670,Jay Ajayi,2011,0.8528,3,RB,Boise State,72.0,Boise State,2015.0,149.0,5.0,13.0,Running Back,0,517330.0,Boise State,242.0,0.095,22.961,9.241,13.72,RB,2013.0,0.4,143.93200000000002
20269,701,Richard Rodgers,2011,0.8515,3,TE,California,44.0,California,2014.0,98.0,3.0,34.0,Tight End,1,517027.0,California,47.0,1.036,48.693,46.398,2.295,WR,2013.0,1.036,48.693
20296,728,Tyler Lockett,2011,0.8497,3,WR,Kansas State,82.0,Kansas State,2015.0,69.0,3.0,5.0,Wide Receiver,1,515181.0,Kansas State,73.0,1.058,77.202,76.725,0.477,WR,2013.0,1.86,196.654
20302,734,Mike Evans,2011,0.8493,3,WR,Texas A&M,94.0,Texas A&M,2014.0,7.0,1.0,7.0,Wide Receiver,1,517502.0,Texas A&M,57.0,1.28,72.983,72.983,,WR,2013.0,1.28,72.983
20315,747,Cody Latimer,2011,0.8487,3,WR,Indiana,88.0,Indiana,2014.0,56.0,2.0,24.0,Wide Receiver,1,513025.0,Indiana,65.0,1.125,73.117,73.117,,WR,2013.0,1.125,73.117
20334,766,Michael Thomas,2011,0.8477,3,WR,Ohio State,86.0,Ohio State,2016.0,47.0,2.0,16.0,Wide Receiver,1,534311.0,Ohio State,70.0,0.919,64.331,64.331,,WR,2014.0,1.562,117.05199999999999
20404,836,Chris Moore,2011,0.8441,3,WR,Cincinnati,82.0,Cincinnati,2016.0,107.0,4.0,9.0,Wide Receiver,0,512073.0,Cincinnati,45.0,0.826,37.156,36.784,0.372,WR,2013.0,2.459,136.23
20470,902,Darren Waller,2011,0.8397,3,S,Georgia Tech,53.0,Georgia Tech,2015.0,204.0,6.0,28.0,Wide Receiver,0,513727.0,Georgia Tech,15.0,1.48,22.201,22.201,,WR,2013.0,2.466,60.661
20516,948,Derek Watt,2011,0.8368,3,OLB,Wisconsin,36.0,Wisconsin,2016.0,198.0,6.0,23.0,Fullback,0,514234.0,Wisconsin,3.0,0.761,2.282,2.27,0.012,FB,2013.0,0.995,12.513
20518,950,Connor Cook,2011,0.8367,3,PRO,Michigan State,84.0,Michigan State,2016.0,100.0,4.0,2.0,Quarterback,0,512705.0,Michigan State,395.0,0.225,88.872,82.721,6.151,QB,2013.0,1.056,449.02700000000004
20525,957,Josh Robinson,2011,0.8366,3,RB,Mississippi State,41.0,Mississippi State,2015.0,205.0,6.0,29.0,Running Back,0,512032.0,Mississippi State,89.0,0.212,18.853,8.242,10.611,RB,2013.0,0.477,79.203
20542,974,Jakeem Grant,2011,0.8362,3,WR,Texas Tech,35.0,Texas Tech,2016.0,186.0,6.0,11.0,Wide Receiver,0,514493.0,Texas Tech,65.0,0.848,55.138,51.935,3.204,WR,2013.0,2.152,209.319
20544,976,Allen Robinson,2011,0.836,3,WR,Penn State,78.0,Penn State,2014.0,61.0,2.0,29.0,Wide Receiver,1,518204.0,Penn State,99.0,0.996,98.584,95.57,3.014,WR,2013.0,0.996,98.584
20574,1006,David Cobb,2011,0.8338,3,RB,Minnesota,58.0,Minnesota,2015.0,138.0,5.0,2.0,Running Back,0,512737.0,Minnesota,246.0,0.059,14.394,13.61,0.784,RB,2013.0,0.213,65.371
20575,1007,Tyler Kroft,2011,0.8338,3,TE,Rutgers,75.0,Rutgers,2015.0,85.0,3.0,21.0,Tight End,1,518366.0,Rutgers,40.0,1.341,53.654,53.654,,TE,2013.0,2.0,76.046
20589,1055,Jamison Crowder,2011,0.8328,3,WR,Duke,64.0,Duke,2015.0,105.0,4.0,6.0,Wide Receiver,0,517452.0,Duke,117.0,0.643,75.253,72.28,2.972,WR,2013.0,0.9650000000000001,121.34700000000001
21099,1569,Tyler Ervin,2011,0.7884,2,ATH,San José State,58.0,San José State,2016.0,119.0,4.0,21.0,Running Back,0,512671.0,San José State,2.0,-0.295,-0.591,,-0.591,RB,2013.0,0.033,87.487
21254,1725,Breshad Perriman,2011,0.7701,2,WR,UCF,90.0,UCF,2015.0,26.0,1.0,26.0,Wide Receiver,1,531670.0,UCF,40.0,1.164,46.566,46.566,,WR,2013.0,2.062,123.764
21324,1778,Kennard Backman,2011,0.7667,2,TE,UAB,30.0,UAB,2015.0,213.0,6.0,37.0,Tight End,0,518235.0,UAB,33.0,0.584,19.277,19.277,,TE,2013.0,1.323,51.059
21515,2163,Tyler Higbee,2011,0.7443,2,TE,Western Kentucky,68.0,Western Kentucky,2016.0,110.0,4.0,12.0,Tight End,0,515708.0,Western Kentucky,12.0,0.784,9.405,9.405,,TE,2013.0,2.979,85.003
21692,2369,Davante Adams,2011,0.7333,2,WR,Fresno State,85.0,Fresno State,2014.0,53.0,2.0,21.0,Wide Receiver,1,520581.0,Fresno State,106.0,0.855,90.665,90.665,,WR,2013.0,0.855,90.665
22037,1,Dorial Green-Beckham,2012,0.9997,5,WR,Missouri,80.0,Missouri,2015.0,40.0,2.0,8.0,Wide Receiver,1,531380.0,Missouri,53.0,0.426,22.594,22.98,-0.386,WR,2013.0,0.426,22.594
22044,8,Stefon Diggs,2012,0.9967,5,WR,Maryland,68.0,Maryland,2015.0,146.0,5.0,10.0,Wide Receiver,0,534249.0,Maryland,40.0,0.981,39.22,38.201,1.019,WR,2013.0,1.387,76.154
22051,16,Jameis Winston,2012,0.9915,5,DUAL,Florida State,97.0,Florida State,2015.0,1.0,1.0,1.0,Quarterback,1,530308.0,Florida State,393.0,0.513,201.657,184.133,17.524,QB,2013.0,0.933,419.802
22064,27,T.J. Yeldon,2012,0.9876,5,RB,Alabama,79.0,Alabama,2015.0,36.0,2.0,4.0,Running Back,1,534409.0,Alabama,208.0,0.19,39.621,13.54,26.081,RB,2013.0,0.441,93.49000000000001
22067,30,Nelson Agholor,2012,0.9854,5,ATH,USC,89.0,USC,2015.0,20.0,1.0,20.0,Wide Receiver,1,531010.0,USC,52.0,1.307,67.946,68.432,-0.486,WR,2013.0,2.065,170.328
22082,45,Amari Cooper,2012,0.9776,4,WR,Alabama,94.0,Alabama,2015.0,4.0,1.0,4.0,Wide Receiver,1,534458.0,Alabama,43.0,0.907,39.002,37.152,1.85,WR,2013.0,1.6760000000000002,173.562
22084,47,Mike Davis,2012,0.9772,4,RB,South Carolina,65.0,South Carolina,2015.0,126.0,4.0,27.0,Running Back,0,545218.0,South Carolina,224.0,0.164,36.787,23.598,13.19,RB,2013.0,0.402,92.657
22126,88,Aaron Burbridge,2012,0.959,4,WR,Michigan State,62.0,Michigan State,2016.0,213.0,6.0,38.0,Wide Receiver,0,535857.0,Michigan State,27.0,0.586,15.818,16.963,-1.145,WR,2013.0,1.531,129.784
22129,99,Sterling Shepard,2012,0.9551,4,WR,Oklahoma,79.0,Oklahoma,2016.0,40.0,2.0,9.0,Wide Receiver,1,534448.0,Oklahoma,48.0,0.742,35.637,35.23,0.407,WR,2013.0,2.226,187.808
22166,128,Kenyan Drake,2012,0.9454,4,APB,Alabama,70.0,Alabama,2016.0,73.0,3.0,10.0,Running Back,1,535744.0,Alabama,95.0,0.384,36.485,7.247,29.238,RB,2013.0,1.278,71.508
22173,135,Jordan Payton,2012,0.9427,4,WR,UCLA,75.0,UCLA,2016.0,154.0,5.0,15.0,Wide Receiver,0,530981.0,UCLA,39.0,0.872,34.027,34.027,,WR,2013.0,2.179,170.154
22175,148,Ricardo Louis,2012,0.9393,4,WR,Auburn,45.0,Auburn,2016.0,114.0,4.0,16.0,Wide Receiver,0,530907.0,Auburn,40.0,0.491,19.648,14.186,5.462,WR,2013.0,1.5030000000000001,100.55199999999999
22189,154,Corey Coleman,2012,0.9371,4,ATH,Baylor,90.0,Baylor,2016.0,15.0,1.0,15.0,Wide Receiver,1,535497.0,Baylor,32.0,0.959,30.673,30.673,,WR,2013.0,2.4219999999999997,202.16000000000003
22193,159,Matt Jones,2012,0.9347,4,ATH,Florida,60.0,Florida,2015.0,95.0,3.0,31.0,Running Back,1,535917.0,Florida,82.0,-0.001,-0.061,0.032,-0.092,RB,2013.0,0.031,5.963
22243,174,Leonte Carroo,2012,0.9295,4,WR,Rutgers,78.0,Rutgers,2016.0,86.0,3.0,23.0,Wide Receiver,1,537313.0,Rutgers,19.0,1.125,21.384,21.384,,WR,2013.0,3.108,158.498
22216,179,Jonathan Williams,2012,0.9276,4,RB,Arkansas,51.0,Arkansas,2016.0,156.0,5.0,17.0,Running Back,0,535893.0,Arkansas,152.0,0.025,3.86,1.459,2.401,RB,2013.0,0.28700000000000003,58.871
22258,218,Amara Darboh,2012,0.9188,4,WR,Michigan,71.0,Michigan,2017.0,106.0,3.0,42.0,Wide Receiver,1,535165.0,Michigan,53.0,0.534,28.312,28.312,,WR,2014.0,1.77,141.35399999999998
22267,231,Zac Brooks,2012,0.9133,4,ATH,Clemson,30.0,Clemson,2016.0,247.0,7.0,26.0,Running Back,0,534582.0,Clemson,51.0,0.299,15.244,6.08,9.164,RB,2013.0,0.528,28.092
22296,264,Devin Funchess,2012,0.9095,4,TE,Michigan,87.0,Michigan,2015.0,41.0,2.0,9.0,Wide Receiver,1,535145.0,Michigan,52.0,0.878,45.68,46.109,-0.429,WR,2013.0,1.232,81.459
22322,288,Kenny Lawler,2012,0.9043,4,WR,California,65.0,California,2016.0,243.0,7.0,22.0,Wide Receiver,0,535270.0,California,35.0,0.694,24.295,24.295,,WR,2013.0,2.015,128.648
22334,316,Jeremy Hill,2012,0.8994,4,RB,LSU,79.0,LSU,2014.0,55.0,2.0,23.0,Running Back,1,534423.0,LSU,203.0,0.167,33.954,11.581,22.373,RB,2013.0,0.167,33.954
22396,365,C.J. Prosise,2012,0.8915,4,S,Notre Dame,73.0,Notre Dame,2016.0,90.0,3.0,27.0,Running Back,1,535958.0,Notre Dame,6.0,0.658,3.946,3.946,,RB,2013.0,1.67,96.813
22524,501,Nate Sudfeld,2012,0.8786,3,PRO,Indiana,59.0,Indiana,2016.0,187.0,6.0,12.0,Quarterback,0,535825.0,Indiana,311.0,0.268,83.323,75.775,7.549,QB,2013.0,1.001,323.94899999999996
22570,542,Kolby Listenbee,2012,0.8762,3,ATH,TCU,59.0,TCU,2016.0,192.0,6.0,17.0,Wide Receiver,0,531231.0,TCU,2.0,0.51,1.02,1.02,,WR,2013.0,1.732,77.054
22641,617,Jeremy Sprinkle,2012,0.8708,3,TE,Arkansas,58.0,Arkansas,2017.0,154.0,5.0,10.0,Tight End,0,535889.0,Arkansas,5.0,0.371,1.855,2.578,-0.723,TE,2013.0,2.314,70.735
22765,646,Tevin Coleman,2012,0.8686,3,RB,Indiana,78.0,Indiana,2015.0,73.0,3.0,9.0,Running Back,1,535801.0,Indiana,134.0,0.151,20.227,17.641,2.586,RB,2013.0,0.395,87.393
22677,663,Jesse James,2012,0.8674,3,TE,Penn State,41.0,Penn State,2015.0,160.0,5.0,24.0,Tight End,0,535598.0,Penn State,22.0,0.948,20.864,20.864,,TE,2013.0,1.6,57.367000000000004
22837,690,Paul Perkins,2012,0.865,3,ATH,UCLA,68.0,UCLA,2016.0,149.0,5.0,10.0,Running Back,0,530982.0,UCLA,150.0,0.054,8.164,19.323,-11.159,RB,2013.0,0.488,126.243
22671,691,Jehu Chesson,2012,0.865,3,WR,Michigan,59.0,Michigan,2017.0,139.0,4.0,33.0,Wide Receiver,0,535167.0,Michigan,18.0,0.787,14.174,15.014,-0.84,WR,2013.0,2.065,108.681
22980,912,Kenneth Dixon,2012,0.8472,3,RB,Louisiana Tech,76.0,Louisiana Tech,2016.0,134.0,4.0,36.0,Running Back,0,531310.0,Louisiana Tech,145.0,0.094,13.657,0.285,13.372,RB,2013.0,0.612,140.856
23070,1056,Maxx Williams,2012,0.8388,3,TE,Minnesota,83.0,Minnesota,2015.0,55.0,2.0,23.0,Tight End,1,530747.0,Minnesota,22.0,1.438,31.646,29.457,2.19,TE,2013.0,2.151,76.562
23130,1116,C.J. Beathard,2012,0.8358,3,PRO,Iowa,59.0,Iowa,2017.0,104.0,3.0,40.0,Quarterback,1,535844.0,Iowa,36.0,0.033,1.172,-2.455,3.627,QB,2013.0,0.791,264.567
23162,1150,Jamaal Williams,2012,0.8335,3,APB,BYU,62.0,BYU,2017.0,134.0,4.0,28.0,Running Back,0,536136.0,BYU,230.0,0.102,23.356,10.815,12.541,RB,2013.0,0.401,82.517
23171,1170,Tajae Sharpe,2012,0.8328,3,WR,UMass,56.0,UMass,2016.0,140.0,5.0,1.0,Wide Receiver,0,537063.0,UMass,71.0,0.583,41.42,41.42,,WR,2013.0,1.677,206.075
23540,1536,George Kittle,2012,0.8105,3,WR,Iowa,68.0,Iowa,2017.0,146.0,5.0,2.0,Tight End,0,545428.0,Iowa,5.0,1.412,7.062,7.062,,TE,2013.0,4.525,61.775999999999996
23694,1695,Cody Core,2012,0.8018,3,WR,Ole Miss,38.0,Ole Miss,2016.0,199.0,6.0,24.0,Wide Receiver,0,536197.0,Ole Miss,5.0,1.692,8.461,8.461,,WR,2013.0,3.2399999999999998,91.24099999999999
23720,1719,Daniel Braverman,2012,0.8005,3,WR,Western Michigan,54.0,Western Michigan,2016.0,230.0,7.0,9.0,Wide Receiver,0,532661.0,Western Michigan,99.0,0.67,66.316,59.863,6.453,WR,2014.0,1.34,157.41
23891,1895,Paxton Lynch,2012,0.7898,2,PRO,Memphis,85.0,Memphis,2016.0,26.0,1.0,26.0,Quarterback,1,534849.0,Memphis,389.0,0.174,67.852,54.601,13.251,QB,2013.0,0.845,420.475
24167,2170,Mason Schreck,2012,0.7713,2,PRO,Buffalo,30.0,Buffalo,2017.0,251.0,7.0,33.0,Tight End,0,531973.0,Buffalo,22.0,0.383,8.431,8.431,,TE,2013.0,1.529,69.388
24434,2606,John Ursua,2012,0.7531,2,ATH,Hawai'i,35.0,Hawai'i,2019.0,236.0,7.0,22.0,Wide Receiver,0,3933064.0,Hawai'i,81.0,0.426,34.494,33.527,0.967,WR,2016.0,1.6989999999999998,165.143
24512,2686,Darius Jackson,2012,0.7481,2,S,Eastern Michigan,30.0,Eastern Michigan,2016.0,216.0,6.0,41.0,Running Back,0,536053.0,Eastern Michigan,53.0,-0.094,-4.964,1.095,-6.059,RB,2013.0,0.218,39.645999999999994
24875,3040,Kenny Golladay,2012,0.7,2,WR,Northern Illinois,50.0,Northern Illinois,2017.0,96.0,3.0,32.0,Wide Receiver,1,533961.0,Northern Illinois,135.0,0.58,78.256,78.979,-0.723,WR,2015.0,0.975,136.264
24959,3,Vernon Hargreaves III,2013,0.9979,5,CB,Florida,89.0,Florida,2016.0,11.0,1.0,11.0,Cornerback,1,551319.0,Florida,1.0,0.224,0.224,0.224,,WR,2015.0,0.224,0.224
24968,12,Derrick Henry,2013,0.9928,5,ATH,Alabama,81.0,Alabama,2016.0,45.0,2.0,14.0,Running Back,1,546368.0,Alabama,33.0,0.3,9.906,,9.906,RB,2013.0,0.758,144.238
24969,13,Christian Hackenberg,2013,0.9925,5,PRO,Penn State,81.0,Penn State,2016.0,51.0,2.0,20.0,Quarterback,1,552329.0,Penn State,392.0,0.209,82.046,85.305,-3.259,QB,2013.0,0.45799999999999996,198.199
24970,14,Laquon Treadwell,2013,0.9922,5,WR,Ole Miss,91.0,Ole Miss,2016.0,23.0,1.0,23.0,Wide Receiver,1,550014.0,Ole Miss,66.0,0.478,31.563,35.298,-3.735,WR,2013.0,1.718,149.656
24975,19,O.J. Howard,2013,0.9909,5,TE,Alabama,92.0,Alabama,2017.0,19.0,1.0,19.0,Tight End,1,546370.0,Alabama,12.0,1.277,15.321,15.321,,TE,2013.0,3.854,119.30799999999999
24978,21,Kelvin Taylor,2013,0.9897,5,RB,Florida,62.0,Florida,2016.0,211.0,6.0,36.0,Running Back,0,546318.0,Florida,95.0,-0.012,-1.097,3.209,-4.307,RB,2013.0,0.037000000000000005,20.642
24997,40,Alex Collins,2013,0.9805,4,RB,Arkansas,67.0,Arkansas,2016.0,171.0,5.0,32.0,Running Back,0,547203.0,Arkansas,195.0,0.083,16.125,-0.125,16.25,RB,2013.0,0.391,96.9
25020,65,Stacy Coley,2013,0.9722,4,WR,Miami,45.0,Miami,2017.0,219.0,7.0,1.0,Wide Receiver,0,550046.0,Miami,24.0,0.916,21.988,21.639,0.35,WR,2013.0,2.244,123.89099999999999
25025,69,Ezekiel Elliott,2013,0.9693,4,APB,Ohio State,93.0,Ohio State,2016.0,4.0,1.0,4.0,Running Back,1,549811.0,Ohio State,30.0,0.393,11.78,-0.447,12.227,RB,2013.0,1.127,239.096
25033,78,Demarcus Robinson,2013,0.9648,4,WR,Florida,44.0,Florida,2016.0,126.0,4.0,28.0,Wide Receiver,0,546314.0,Florida,7.0,0.619,4.331,4.331,,WR,2013.0,1.558,80.161
25037,80,Hunter Henry,2013,0.9634,4,TE,Arkansas,89.0,Arkansas,2016.0,35.0,2.0,4.0,Tight End,1,547233.0,Arkansas,27.0,1.01,27.257,27.257,,TE,2013.0,2.495,124.52000000000001
25042,82,ArDarius Stewart,2013,0.9625,4,ATH,Alabama,74.0,Alabama,2017.0,79.0,3.0,15.0,Wide Receiver,1,551307.0,Alabama,16.0,0.488,7.811,7.811,,WR,2014.0,1.4989999999999999,96.809
25082,125,Tyler Boyd,2013,0.9418,4,WR,Pittsburgh,84.0,Pittsburgh,2016.0,55.0,2.0,24.0,Wide Receiver,1,546650.0,Pittsburgh,93.0,0.907,84.388,82.154,2.234,WR,2013.0,2.071,245.14
25095,136,Shelton Gibson,2013,0.9374,4,WR,West Virginia,62.0,West Virginia,2017.0,166.0,5.0,22.0,Wide Receiver,0,546034.0,West Virginia,5.0,0.423,2.116,2.116,,WR,2014.0,1.819,102.369
25120,158,Joshua Dobbs,2013,0.9305,4,PRO,Tennessee,79.0,Tennessee,2017.0,135.0,4.0,29.0,Quarterback,0,546540.0,Tennessee,143.0,0.106,15.173,6.843,8.33,QB,2013.0,1.038,414.096
25129,166,Jake Butt,2013,0.9288,4,TE,Michigan,78.0,Michigan,2017.0,145.0,5.0,1.0,Tight End,0,546731.0,Michigan,20.0,0.748,14.955,14.955,,TE,2013.0,2.25,98.74799999999999
25174,213,Jared Goff,2013,0.9154,4,PRO,California,91.0,California,2016.0,1.0,1.0,1.0,Quarterback,1,547401.0,California,526.0,0.175,92.131,94.208,-2.077,QB,2013.0,0.946,533.058
25184,221,Jordan Wilkins,2013,0.9139,4,APB,Ole Miss,34.0,Ole Miss,2018.0,169.0,5.0,32.0,Running Back,0,550016.0,Ole Miss,51.0,0.319,16.265,2.292,13.973,RB,2014.0,0.735,77.53999999999999
25195,233,Mike Williams,2013,0.9111,4,WR,Clemson,91.0,Clemson,2017.0,7.0,1.0,7.0,Wide Receiver,1,546644.0,Clemson,17.0,1.252,21.29,21.29,,WR,2013.0,3.908,189.404
25209,253,Bucky Hodges,2013,0.9049,4,DUAL,Virginia Tech,72.0,Virginia Tech,2017.0,201.0,6.0,17.0,Tight End,0,547022.0,Virginia Tech,77.0,0.4,30.807,31.955,-1.147,TE,2014.0,2.902,230.08
25205,253,Durham Smythe,2013,0.9056,4,TE,Notre Dame,55.0,Notre Dame,2018.0,123.0,4.0,23.0,Tight End,0,550966.0,Notre Dame,1.0,1.048,1.048,1.048,,TE,2014.0,2.9850000000000003,31.037
25232,262,Marcell Ateman,2013,0.9047,4,WR,Oklahoma State,56.0,Oklahoma State,2018.0,228.0,7.0,10.0,Wide Receiver,0,547253.0,Oklahoma State,22.0,0.966,21.246,21.246,,WR,2013.0,3.4959999999999996,196.389
25236,283,John Ross,2013,0.9001,4,WR,Washington,90.0,Washington,2017.0,9.0,1.0,9.0,Wide Receiver,1,550330.0,Washington,21.0,0.643,13.504,12.695,0.808,WR,2013.0,1.8940000000000001,112.53
25263,311,Thomas Duarte,2013,0.8939,4,TE,UCLA,58.0,UCLA,2016.0,231.0,7.0,10.0,Wide Receiver,0,547596.0,UCLA,13.0,1.299,16.883,16.883,,WR,2013.0,3.1839999999999997,124.726
25264,313,Wayne Gallman,2013,0.8938,4,OLB,Clemson,58.0,Clemson,2017.0,140.0,4.0,34.0,Running Back,0,546633.0,Clemson,191.0,0.012,2.382,0.005,2.377,RB,2014.0,0.34600000000000003,98.031
25341,375,Austin Hooper,2013,0.881,3,SDE,Stanford,79.0,Stanford,2016.0,81.0,3.0,18.0,Tight End,1,546471.0,Stanford,51.0,0.559,28.514,28.177,0.337,TE,2014.0,1.425,69.198
25388,440,DaeSean Hamilton,2013,0.8737,3,WR,Penn State,74.0,Penn State,2018.0,113.0,4.0,13.0,Wide Receiver,0,552330.0,Penn State,140.0,0.272,38.027,38.225,-0.198,WR,2014.0,2.194,181.178
25399,449,Pharoh Cooper,2013,0.873,3,ATH,South Carolina,77.0,South Carolina,2016.0,117.0,4.0,19.0,Wide Receiver,0,548173.0,South Carolina,23.0,0.276,6.338,1.328,5.01,WR,2013.0,1.46,166.213
25413,461,Dylan Cantrell,2013,0.8716,3,WR,Texas Tech,43.0,Texas Tech,2018.0,191.0,6.0,17.0,Wide Receiver,0,550364.0,Texas Tech,8.0,0.494,3.954,3.954,,WR,2013.0,2.024,119.533
25419,467,Jordan Leggett,2013,0.8712,3,TE,Clemson,76.0,Clemson,2017.0,150.0,5.0,6.0,Tight End,0,546740.0,Clemson,11.0,0.741,8.153,8.153,,TE,2013.0,3.151,132.39
25426,475,Ryan Switzer,2013,0.8706,3,ATH,North Carolina,63.0,North Carolina,2017.0,133.0,4.0,27.0,Wide Receiver,0,545256.0,North Carolina,35.0,0.579,20.253,20.755,-0.502,WR,2013.0,2.14,175.865
25498,547,J'Mon Moore,2013,0.8653,3,WR,Missouri,50.0,Missouri,2018.0,133.0,4.0,33.0,Wide Receiver,0,550100.0,Missouri,2.0,1.949,3.898,3.898,,WR,2014.0,3.085,112.178
25722,772,Wendell Smallwood,2013,0.8524,3,APB,West Virginia,57.0,West Virginia,2016.0,153.0,5.0,14.0,Running Back,0,546046.0,West Virginia,50.0,0.282,14.087,11.792,2.295,RB,2013.0,0.7,113.77100000000002
25743,793,Matthew Dayes,2013,0.8512,3,RB,NC State,63.0,NC State,2017.0,252.0,7.0,34.0,Running Back,0,549935.0,NC State,160.0,0.316,50.484,8.677,41.808,RB,2015.0,0.385,70.152
25870,925,Evan Engram,2013,0.8435,3,WR,Ole Miss,90.0,Ole Miss,2017.0,23.0,1.0,23.0,Tight End,1,550117.0,Ole Miss,18.0,0.74,13.316,13.316,,TE,2013.0,2.95,156.39600000000002
25908,963,Elijah McGuire,2013,0.8415,3,RB,Louisiana,50.0,Louisiana,2017.0,188.0,6.0,4.0,Running Back,0,545809.0,Louisiana,112.0,0.283,31.657,16.198,15.459,RB,2013.0,1.023,208.608
26000,1062,James Conner,2013,0.837,3,OLB,Pittsburgh,68.0,Pittsburgh,2017.0,105.0,3.0,41.0,Running Back,1,546653.0,Pittsburgh,140.0,0.034,4.716,2.384,2.332,RB,2013.0,1.108,118.295
26128,1201,Darius Phillips,2013,0.8299,3,WR,Western Michigan,59.0,Western Michigan,2018.0,170.0,5.0,33.0,Cornerback,0,545930.0,Western Michigan,32.0,0.727,23.269,22.827,0.442,WR,2014.0,0.7060000000000001,24.613
26306,1382,Carlos Henderson,2013,0.8213,3,ATH,Louisiana Tech,72.0,Louisiana Tech,2017.0,82.0,3.0,18.0,Wide Receiver,1,545669.0,Louisiana Tech,51.0,0.797,40.66,35.704,4.956,WR,2014.0,2.374,210.085
26314,1391,Troy Fumagalli,2013,0.8209,3,TE,Wisconsin,58.0,Wisconsin,2018.0,156.0,5.0,19.0,Tight End,0,546849.0,Wisconsin,23.0,0.539,12.394,12.394,,TE,2014.0,2.391,124.614
26399,1483,Zay Jones,2013,0.8159,3,WR,East Carolina,87.0,East Carolina,2017.0,37.0,2.0,5.0,Wide Receiver,1,552940.0,East Carolina,223.0,0.523,116.622,117.118,-0.496,WR,2016.0,0.523,116.622
26519,1606,Aaron Jones,2013,0.8093,3,ATH,UTEP,36.0,UTEP,2017.0,182.0,5.0,39.0,Running Back,0,545833.0,UTEP,133.0,0.007,0.895,0.022,0.873,RB,2013.0,0.8340000000000001,126.494
26590,1679,Rashard Higgins,2013,0.8058,3,WR,Colorado State,61.0,Colorado State,2016.0,172.0,5.0,33.0,Wide Receiver,0,546244.0,Colorado State,67.0,0.765,51.263,51.263,,WR,2013.0,2.564,254.39800000000002
26618,1707,Donnel Pumphrey,2013,0.8042,3,APB,San Diego State,69.0,San Diego State,2017.0,132.0,4.0,26.0,Running Back,0,547571.0,San Diego State,138.0,0.084,11.653,15.616,-3.962,RB,2013.0,0.84,268.11
26623,1712,Logan Woodside,2013,0.804,3,PRO,Toledo,51.0,Toledo,2018.0,249.0,7.0,31.0,Quarterback,0,545910.0,Toledo,43.0,0.044,1.905,4.064,-2.159,QB,2013.0,1.409,546.8910000000001
26635,1724,Kareem Hunt,2013,0.8032,3,RB,Toledo,74.0,Toledo,2017.0,86.0,3.0,22.0,Running Back,1,552745.0,Toledo,145.0,0.208,30.149,0.33,29.82,RB,2013.0,0.954,201.20600000000002
26678,1768,Trent Taylor,2013,0.8006,3,WR,Louisiana Tech,40.0,Louisiana Tech,2017.0,177.0,5.0,34.0,Wide Receiver,0,545677.0,Louisiana Tech,28.0,0.679,19.022,19.022,,WR,2013.0,3.017,311.086
27275,2385,Jonnu Smith,2013,0.7776,2,TE,Florida International,67.0,Florida International,2017.0,100.0,3.0,36.0,Tight End,1,551279.0,Florida International,41.0,0.644,26.406,26.406,,TE,2013.0,2.153,114.543
27309,2420,Corey Davis,2013,0.7741,2,WR,Western Michigan,91.0,Western Michigan,2017.0,5.0,1.0,5.0,Wide Receiver,1,545923.0,Western Michigan,76.0,0.766,58.25,58.467,-0.217,WR,2013.0,3.193,343.83500000000004
27462,2581,Taywan Taylor,2013,0.7667,2,WR,Western Kentucky,76.0,Western Kentucky,2017.0,72.0,3.0,8.0,Wide Receiver,1,552775.0,Western Kentucky,26.0,0.658,17.115,17.115,,WR,2013.0,3.275,267.81
66539,2599,Robert Davis,2013,0.7667,2,WR,Georgia State,56.0,Georgia State,2017.0,209.0,6.0,25.0,Wide Receiver,0,545837.0,Georgia State,54.0,0.719,38.814,38.814,,WR,2013.0,2.202,185.697
66606,2679,Luke Falk,2013,0.7667,2,PRO,Washington State,71.0,Washington State,2018.0,199.0,6.0,25.0,Quarterback,0,550629.0,Washington State,276.0,0.283,78.189,76.109,2.08,QB,2014.0,1.039,590.814
28209,1,Leonard Fournette,2014,0.9996,5,RB,LSU,93.0,LSU,2017.0,4.0,1.0,4.0,Running Back,1,559752.0,LSU,193.0,0.166,31.983,9.431,22.553,RB,2014.0,0.623,149.48000000000002
28221,13,Dalvin Cook,2014,0.9937,5,RB,Florida State,90.0,Florida State,2017.0,41.0,2.0,9.0,Running Back,1,3116593.0,Florida State,192.0,0.197,37.84,17.066,20.774,RB,2014.0,0.724,189.676
28224,16,Bo Scarbrough,2014,0.9916,5,ATH,Alabama,59.0,Alabama,2018.0,236.0,7.0,18.0,Running Back,0,3126367.0,Alabama,14.0,0.06,0.836,,0.836,RB,2015.0,0.55,66.47
28225,17,Malachi Dupre,2014,0.9915,5,WR,LSU,70.0,LSU,2017.0,247.0,7.0,29.0,Wide Receiver,0,559754.0,LSU,28.0,0.338,9.476,9.476,,WR,2014.0,1.8200000000000003,108.515
28229,19,Joe Mixon,2014,0.9907,5,APB,Oklahoma,84.0,Oklahoma,2017.0,48.0,2.0,16.0,Running Back,1,3116385.0,Oklahoma,144.0,0.358,51.58,26.747,24.833,RB,2015.0,0.718,133.91199999999998
28228,21,JuJu Smith-Schuster,2014,0.9905,5,ATH,USC,83.0,USC,2017.0,62.0,2.0,30.0,Wide Receiver,1,3120348.0,USC,131.0,0.779,102.052,102.219,-0.167,WR,2015.0,1.4420000000000002,169.06
28245,34,Royce Freeman,2014,0.9831,4,RB,Oregon,73.0,Oregon,2018.0,71.0,3.0,7.0,Running Back,1,3122672.0,Oregon,271.0,0.285,77.128,16.821,60.307,RB,2014.0,1.111,301.949
28244,37,Josh Malone,2014,0.9826,4,WR,Tennessee,71.0,Tennessee,2017.0,128.0,4.0,22.0,Wide Receiver,0,559718.0,Tennessee,45.0,0.129,5.81,7.418,-1.607,WR,2014.0,1.712,106.507
28249,42,Deshaun Watson,2014,0.9794,4,DUAL,Clemson,88.0,Clemson,2017.0,12.0,1.0,12.0,Quarterback,1,3122840.0,Clemson,200.0,0.579,115.738,97.198,18.539,QB,2014.0,1.3559999999999999,666.432
28299,91,Christian McCaffrey,2014,0.9556,4,APB,Stanford,92.0,Stanford,2017.0,8.0,1.0,8.0,Running Back,1,3117251.0,Stanford,59.0,0.469,27.65,15.272,12.378,RB,2014.0,1.016,216.405
28308,101,Dalton Schultz,2014,0.953,4,TE,Stanford,56.0,Stanford,2018.0,137.0,4.0,37.0,Tight End,0,3117256.0,Stanford,13.0,0.449,5.837,5.837,,TE,2015.0,1.153,29.113
28337,131,Mark Andrews,2014,0.9407,4,WR,Oklahoma,75.0,Oklahoma,2018.0,86.0,3.0,22.0,Tight End,1,3116365.0,Oklahoma,25.0,1.344,33.599,33.599,,TE,2015.0,3.071,147.527
28347,139,Parris Campbell,2014,0.936,4,WR,Ohio State,84.0,Ohio State,2019.0,59.0,2.0,27.0,Wide Receiver,1,3121410.0,Ohio State,28.0,0.27,7.558,2.445,5.112,WR,2016.0,1.534,116.521
28349,142,Brad Kaaya,2014,0.9375,4,PRO,Miami,69.0,Miami,2017.0,215.0,6.0,32.0,Quarterback,0,3123048.0,Miami,401.0,0.309,123.944,128.949,-5.005,QB,2014.0,1.017,433.63
28377,168,Chris Godwin,2014,0.9293,4,WR,Penn State,72.0,Penn State,2017.0,84.0,3.0,20.0,Wide Receiver,1,3116165.0,Penn State,42.0,0.474,19.897,21.09,-1.192,WR,2014.0,2.016,174.363
28368,171,Justin Jackson,2014,0.9284,4,APB,Northwestern,56.0,Northwestern,2018.0,251.0,7.0,33.0,Running Back,0,3116136.0,Northwestern,268.0,0.12,32.037,18.657,13.38,RB,2014.0,0.32,103.04
28397,188,Clayton Thorson,2014,0.9244,4,PRO,Northwestern,65.0,Northwestern,2019.0,167.0,5.0,29.0,Quarterback,0,3116144.0,Northwestern,391.0,0.189,73.76,29.642,44.117,QB,2015.0,0.745,385.851
28405,207,Noah Brown,2014,0.9187,4,ATH,Ohio State,46.0,Ohio State,2017.0,239.0,7.0,21.0,Wide Receiver,0,3121409.0,Ohio State,2.0,-0.178,-0.356,1.123,-1.479,WR,2014.0,0.5700000000000001,35.555
28422,223,Mike Gesicki,2014,0.913,4,TE,Penn State,83.0,Penn State,2018.0,42.0,2.0,10.0,Tight End,1,3116164.0,Penn State,14.0,0.411,5.755,5.755,,TE,2014.0,1.891,98.258
28441,242,DeShone Kizer,2014,0.9073,4,PRO,Notre Dame,82.0,Notre Dame,2017.0,52.0,2.0,20.0,Quarterback,1,3129302.0,Notre Dame,465.0,0.376,174.72,130.357,44.363,QB,2015.0,0.6739999999999999,319.65999999999997
28457,244,Samaje Perine,2014,0.907,4,RB,Oklahoma,77.0,Oklahoma,2017.0,114.0,4.0,7.0,Running Back,0,3116389.0,Oklahoma,276.0,0.326,90.051,12.149,77.901,RB,2014.0,0.779,190.889
28450,248,Terry McLaurin,2014,0.9051,4,WR,Ohio State,81.0,Ohio State,2019.0,76.0,3.0,12.0,Wide Receiver,1,3121422.0,Ohio State,16.0,0.542,8.677,8.677,,WR,2016.0,3.114,118.409
28480,269,Mason Rudolph,2014,0.9004,4,PRO,Oklahoma State,79.0,Oklahoma State,2018.0,76.0,3.0,12.0,Quarterback,1,3116407.0,Oklahoma State,101.0,0.307,31.047,32.831,-1.784,QB,2014.0,1.615,713.922
28517,296,Isaiah McKenzie,2014,0.8945,4,WR,Georgia,60.0,Georgia,2017.0,172.0,5.0,29.0,Wide Receiver,0,3128724.0,Georgia,19.0,0.204,3.867,0.365,3.502,WR,2014.0,1.734,81.715
28525,329,Kalen Ballage,2014,0.8904,4,ATH,Arizona State,68.0,Arizona State,2018.0,131.0,4.0,31.0,Running Back,0,3128774.0,Arizona State,40.0,-0.124,-4.948,4.349,-9.297,RB,2014.0,0.139,41.532
28585,370,Braxton Berrios,2014,0.8843,3,WR,Miami,49.0,Miami,2018.0,210.0,6.0,36.0,Wide Receiver,0,3123075.0,Miami,37.0,0.457,16.925,16.925,,WR,2014.0,1.988,86.872
28589,388,Isaiah Ford,2014,0.8816,3,WR,Virginia Tech,47.0,Virginia Tech,2017.0,237.0,7.0,19.0,Wide Receiver,0,3124069.0,Virginia Tech,88.0,0.749,65.927,67.963,-2.037,WR,2014.0,1.874,218.34300000000002
28660,435,D.J. Chark,2014,0.8752,3,WR,LSU,84.0,LSU,2018.0,61.0,2.0,29.0,Wide Receiver,1,559613.0,LSU,2.0,3.521,7.041,,7.041,WR,2015.0,5.193,110.52699999999999
28675,471,Ryan Izzo,2014,0.8715,3,TE,Florida State,57.0,Florida State,2018.0,250.0,7.0,32.0,Tight End,0,3122920.0,Florida State,1.0,0.221,0.221,0.221,,TE,2014.0,2.285,53.855
28713,510,Jordan Lasley,2014,0.868,3,WR,UCLA,67.0,UCLA,2018.0,162.0,5.0,25.0,Wide Receiver,0,3134302.0,UCLA,4.0,-0.081,-0.324,-0.324,,WR,2015.0,1.436,129.99200000000002
28775,570,Trace McSorley,2014,0.8625,3,DUAL,Penn State,46.0,Penn State,2019.0,197.0,6.0,24.0,Quarterback,0,3116172.0,Penn State,53.0,0.172,9.124,6.49,2.634,QB,2015.0,1.054,497.86899999999997
29103,688,James Washington,2014,0.8562,3,WR,Oklahoma State,83.0,Oklahoma State,2018.0,60.0,2.0,28.0,Wide Receiver,1,3122449.0,Oklahoma State,60.0,0.316,18.933,17.414,1.519,WR,2014.0,2.575,272.48199999999997
28950,751,Marlon Mack,2014,0.8531,3,ATH,South Florida,61.0,South Florida,2017.0,143.0,4.0,37.0,Running Back,0,3139605.0,South Florida,231.0,0.071,16.434,6.744,9.691,RB,2014.0,0.575,120.866
29009,812,Qadree Ollison,2014,0.8497,3,RB,Pittsburgh,48.0,Pittsburgh,2019.0,152.0,5.0,14.0,Running Back,0,3123944.0,Pittsburgh,231.0,0.159,36.628,-0.488,37.115,RB,2015.0,0.629,109.493
29034,837,Deebo Samuel,2014,0.8483,3,WR,South Carolina,86.0,South Carolina,2019.0,36.0,2.0,4.0,Wide Receiver,1,3126486.0,South Carolina,21.0,0.663,13.917,13.917,,WR,2015.0,2.734,155.421
29047,850,David Njoku,2014,0.8478,3,ATH,Miami,91.0,Miami,2017.0,29.0,1.0,29.0,Tight End,1,3123076.0,Miami,35.0,0.643,22.515,22.515,,TE,2015.0,1.421,75.4
29095,897,Russell Gage,2014,0.8455,3,ATH,LSU,35.0,LSU,2018.0,194.0,6.0,20.0,Wide Receiver,0,559597.0,LSU,10.0,0.461,4.613,4.613,,WR,2016.0,0.9,32.725
29101,903,Dante Pettis,2014,0.8452,3,WR,Washington,77.0,Washington,2018.0,44.0,2.0,12.0,Wide Receiver,1,3127306.0,Washington,27.0,0.646,17.431,17.431,,WR,2014.0,2.581,162.992
29143,944,Rashaad Penny,2014,0.8431,3,RB,San Diego State,84.0,San Diego State,2018.0,27.0,1.0,27.0,Running Back,1,3139925.0,San Diego State,2.0,0.389,0.777,,0.777,RB,2014.0,1.6680000000000001,213.03500000000003
29254,1060,D'Onta Foreman,2014,0.8382,3,RB,Texas,73.0,Texas,2017.0,89.0,3.0,25.0,Running Back,1,3125116.0,Texas,14.0,0.157,2.2,0.545,1.655,RB,2014.0,0.758,127.552
29338,1160,Nick Bawden,2014,0.8332,3,PRO,San Diego State,30.0,San Diego State,2018.0,237.0,7.0,19.0,Fullback,0,3125232.0,San Diego State,48.0,-0.002,-0.103,-5.198,5.095,FB,2014.0,1.359,21.725
29347,1169,Courtland Sutton,2014,0.8325,3,S,SMU,84.0,SMU,2018.0,40.0,2.0,8.0,Wide Receiver,1,3128429.0,SMU,2.0,1.208,2.416,2.416,,WR,2014.0,3.332,232.843
29449,1271,Drew Sample,2014,0.8274,3,TE,Washington,77.0,Washington,2019.0,52.0,2.0,20.0,Tight End,1,3127310.0,Washington,6.0,0.784,4.701,4.701,,TE,2015.0,2.971,43.376000000000005
29591,1422,Richie James,2014,0.8199,3,ATH,Middle Tennessee,30.0,Middle Tennessee,2018.0,240.0,7.0,22.0,Wide Receiver,0,3122899.0,Middle Tennessee,150.0,0.622,93.339,85.946,7.393,WR,2015.0,1.484,238.646
29616,1448,Ito Smith,2014,0.8181,3,RB,Southern Mississippi,36.0,Southern Mississippi,2018.0,126.0,4.0,26.0,Running Back,0,3123969.0,Southern Mississippi,126.0,-0.1,-12.551,2.181,-14.732,RB,2014.0,0.497,157.72299999999998
29624,1456,Tre'Quan Smith,2014,0.8178,3,WR,UCF,73.0,UCF,2018.0,91.0,3.0,27.0,Wide Receiver,1,3128451.0,UCF,89.0,0.657,58.461,58.461,,WR,2015.0,2.14,185.27
29735,1569,Austin Proehl,2014,0.8132,3,WR,North Carolina,30.0,North Carolina,2018.0,255.0,7.0,37.0,Wide Receiver,0,3116680.0,North Carolina,20.0,0.318,6.363,6.997,-0.634,WR,2014.0,3.375,86.936
29839,1686,Jeremy McNichols,2014,0.808,3,WR,Boise State,60.0,Boise State,2017.0,162.0,5.0,18.0,Running Back,0,3127586.0,Boise State,33.0,0.536,17.7,8.41,9.291,RB,2014.0,1.049,184.209
66765,1921,Tommy Sweeney,2014,0.7937,2,TE,Boston College,63.0,Boston College,2019.0,228.0,7.0,14.0,Tight End,0,3122818.0,Boston College,7.0,0.285,1.997,1.997,,TE,2015.0,1.863,74.439
30337,2223,Will Dissly,2014,0.7824,2,WDE,Washington,59.0,Washington,2018.0,120.0,4.0,20.0,Tight End,0,3127292.0,Washington,4.0,1.089,4.355,4.355,,TE,2016.0,1.8860000000000001,24.284
31000,3063,Brian Hill,2014,0.7589,2,RB,Wyoming,52.0,Wyoming,2017.0,156.0,5.0,12.0,Running Back,0,3125403.0,Wyoming,160.0,0.113,18.035,10.419,7.615,RB,2014.0,0.371,99.027
31241,3298,Marcus Green,2014,0.7431,2,WR,Louisiana Monroe,,Louisiana Monroe,2019.0,203.0,6.0,30.0,Wide Receiver,0,3124964.0,Louisiana Monroe,102.0,0.526,53.668,55.87,-2.202,WR,2015.0,2.151,201.066
31871,11,Josh Rosen,2015,0.9932,5,PRO,UCLA,92.0,UCLA,2018.0,10.0,1.0,10.0,Quarterback,1,3886377.0,UCLA,520.0,0.328,170.333,161.977,8.355,QB,2015.0,1.0,414.383
31870,12,Calvin Ridley,2015,0.9932,5,WR,Alabama,90.0,Alabama,2018.0,26.0,1.0,26.0,Wide Receiver,1,3925357.0,Alabama,125.0,0.508,63.557,63.773,-0.216,WR,2015.0,1.488,167.59300000000002
31877,18,Deon Cain,2015,0.9902,5,WR,Clemson,70.0,Clemson,2018.0,185.0,6.0,11.0,Wide Receiver,0,3728254.0,Clemson,49.0,0.936,45.841,47.613,-1.773,WR,2015.0,2.04,132.832
31884,25,Christian Kirk,2015,0.9886,5,WR,Texas A&M,85.0,Texas A&M,2018.0,47.0,2.0,15.0,Wide Receiver,1,3895856.0,Texas A&M,132.0,0.395,52.085,50.482,1.603,WR,2015.0,1.227,148.59300000000002
31887,27,Terry Godwin,2015,0.9879,5,ATH,Georgia,44.0,Georgia,2019.0,237.0,7.0,23.0,Wide Receiver,0,3915174.0,Georgia,61.0,0.566,34.531,36.23,-1.699,WR,2015.0,2.807,123.574
31890,31,Damien Harris,2015,0.986,5,RB,Alabama,70.0,Alabama,2019.0,87.0,3.0,23.0,Running Back,1,3925347.0,Alabama,47.0,-0.228,-10.733,-0.292,-10.441,RB,2015.0,0.6519999999999999,125.48599999999999
31901,43,Kerryon Johnson,2015,0.9811,4,ATH,Auburn,75.0,Auburn,2018.0,43.0,2.0,11.0,Running Back,1,3916925.0,Auburn,76.0,0.21,15.957,11.417,4.54,RB,2015.0,0.5700000000000001,110.807
31905,45,Derrius Guice,2015,0.9793,4,RB,LSU,86.0,LSU,2018.0,59.0,2.0,27.0,Running Back,1,3843750.0,LSU,56.0,0.416,23.278,2.127,21.151,RB,2015.0,0.942,138.343
31921,63,Alize Mack,2015,0.9693,4,TE,Notre Dame,55.0,Notre Dame,2019.0,231.0,7.0,17.0,Tight End,0,3932433.0,Notre Dame,28.0,0.314,8.786,8.786,,TE,2017.0,0.7190000000000001,29.83
31937,75,Mike Weber,2015,0.9627,4,RB,Ohio State,57.0,Ohio State,2019.0,218.0,7.0,4.0,Running Back,0,3915536.0,Ohio State,207.0,0.162,33.612,-9.253,42.865,RB,2016.0,0.753,116.652
31940,81,Ray-Ray McCloud,2015,0.9595,4,ATH,Clemson,36.0,Clemson,2018.0,187.0,6.0,13.0,Wide Receiver,0,3728262.0,Clemson,41.0,0.333,13.655,9.531,4.123,WR,2015.0,1.142,67.424
31942,83,Mark Walton,2015,0.9589,4,RB,Miami,71.0,Miami,2018.0,112.0,4.0,12.0,Running Back,0,3917846.0,Miami,155.0,0.049,7.526,17.65,-10.124,RB,2015.0,0.413,64.19999999999999
31953,94,Dexter Williams,2015,0.9551,4,RB,Notre Dame,54.0,Notre Dame,2019.0,194.0,6.0,21.0,Running Back,0,3932449.0,Notre Dame,21.0,0.115,2.41,,2.41,RB,2015.0,1.028,68.868
31955,98,Drew Lock,2015,0.9553,4,PRO,Missouri,89.0,Missouri,2019.0,42.0,2.0,10.0,Quarterback,1,3924327.0,Missouri,313.0,-0.001,-0.329,-12.906,12.577,QB,2015.0,1.1139999999999999,529.021
31971,111,Nyheim Hines,2015,0.9486,4,APB,NC State,69.0,NC State,2018.0,104.0,4.0,4.0,Running Back,0,3916430.0,NC State,90.0,0.077,6.932,1.885,5.046,RB,2015.0,0.599,59.263000000000005
31977,117,Jordan Scarlett,2015,0.9464,4,RB,Florida,45.0,Florida,2019.0,154.0,5.0,16.0,Running Back,0,3915115.0,Florida,36.0,0.03,1.092,-1.567,2.659,RB,2015.0,0.41100000000000003,62.185
31982,119,Saquon Barkley,2015,0.9459,4,RB,Penn State,97.0,Penn State,2018.0,2.0,1.0,2.0,Running Back,1,3929630.0,Penn State,211.0,0.114,24.093,1.76,22.333,RB,2015.0,0.6,169.546
32000,140,Darius Slayton,2015,0.938,4,WR,Auburn,70.0,Auburn,2019.0,171.0,5.0,33.0,Wide Receiver,0,3916945.0,Auburn,19.0,1.064,20.208,20.208,,WR,2016.0,2.183,89.402
32006,148,Sam Darnold,2015,0.9339,4,DUAL,USC,94.0,USC,2018.0,3.0,1.0,3.0,Quarterback,1,3912547.0,USC,426.0,0.509,216.922,204.076,12.847,QB,2016.0,0.887,425.745
32013,151,Rodney Anderson,2015,0.9332,4,APB,Oklahoma,56.0,Oklahoma,2019.0,211.0,6.0,38.0,Running Back,0,3705353.0,Oklahoma,1.0,0.08,0.08,,0.08,RB,2015.0,1.0470000000000002,76.39
32011,153,K.J. Hill,2015,0.933,4,WR,Ohio State,70.0,Ohio State,2020.0,220.0,7.0,6.0,Wide Receiver,0,3915522.0,Ohio State,20.0,0.97,19.408,19.408,,WR,2016.0,2.694,158.978
32019,162,Equanimeous St. Brown,2015,0.9298,4,WR,Notre Dame,64.0,Notre Dame,2018.0,207.0,6.0,33.0,Wide Receiver,0,3932442.0,Notre Dame,1.0,0.531,0.531,0.531,,WR,2015.0,1.732,94.70700000000001
32025,164,Jauan Jennings,2015,0.9289,4,DUAL,Tennessee,34.0,Tennessee,2020.0,217.0,7.0,3.0,Wide Receiver,0,3886598.0,Tennessee,27.0,0.328,8.857,12.583,-3.726,WR,2015.0,2.234,160.23000000000002
32033,174,Zach Gentry,2015,0.9228,4,PRO,Michigan,40.0,Michigan,2019.0,141.0,5.0,3.0,Tight End,0,3929924.0,Michigan,22.0,1.0,22.004,22.004,,TE,2017.0,2.012,64.527
32054,203,Miles Boykin,2015,0.9177,4,WR,Notre Dame,80.0,Notre Dame,2019.0,93.0,3.0,29.0,Wide Receiver,1,3932423.0,Notre Dame,9.0,0.768,6.916,6.916,,WR,2016.0,2.515,88.02
32091,227,Bryce Love,2015,0.9112,4,APB,Stanford,64.0,Stanford,2019.0,112.0,4.0,10.0,Running Back,0,3931398.0,Stanford,46.0,0.344,15.84,12.789,3.051,RB,2015.0,0.7939999999999999,105.13799999999999
32123,273,Auden Tate,2015,0.9025,4,WR,Florida State,55.0,Florida State,2018.0,253.0,7.0,35.0,Wide Receiver,0,3921564.0,Florida State,39.0,0.868,33.852,33.852,,WR,2016.0,1.5310000000000001,74.281
32185,335,Chandler Cox,2015,0.8912,4,FB,Auburn,,Auburn,2019.0,233.0,7.0,19.0,Fullback,0,3843217.0,Auburn,3.0,0.419,1.256,1.256,,FB,2015.0,1.252,13.349
32212,342,Antonio Callaway,2015,0.8902,4,WR,Florida,68.0,Florida,2018.0,105.0,4.0,5.0,Wide Receiver,0,3915097.0,Florida,69.0,0.488,33.68,32.223,1.457,WR,2015.0,0.982,77.12899999999999
32210,355,D.J. Moore,2015,0.8872,3,WR,Maryland,89.0,Maryland,2018.0,24.0,1.0,24.0,Wide Receiver,1,3915416.0,Maryland,47.0,0.432,20.312,19.683,0.628,WR,2015.0,1.235,109.84400000000001
32253,409,Lamar Jackson,2015,0.8788,3,DUAL,Louisville,87.0,Louisville,2018.0,32.0,1.0,32.0,Quarterback,1,3916387.0,Louisville,408.0,0.286,116.49,39.662,76.828,QB,2015.0,1.1320000000000001,671.838
32388,535,Keke Coutee,2015,0.8671,3,ATH,Texas Tech,67.0,Texas Tech,2018.0,103.0,4.0,3.0,Wide Receiver,0,3915823.0,Texas Tech,16.0,0.234,3.746,3.746,,WR,2015.0,1.939,182.069
32390,537,James Proche,2015,0.8671,3,WR,SMU,55.0,SMU,2020.0,201.0,6.0,22.0,Wide Receiver,0,3916204.0,SMU,94.0,0.284,26.711,27.123,-0.412,WR,2016.0,2.6799999999999997,291.175
32399,545,John Kelly,2015,0.8665,3,ATH,Tennessee,60.0,Tennessee,2018.0,176.0,6.0,2.0,Running Back,0,3915381.0,Tennessee,41.0,0.028,1.15,-0.783,1.932,RB,2015.0,0.305,38.245999999999995
32460,605,JJ Arcega-Whiteside,2015,0.8624,3,WR,Stanford,84.0,Stanford,2019.0,57.0,2.0,25.0,Wide Receiver,1,3931397.0,Stanford,36.0,1.04,37.448,37.448,,WR,2016.0,2.975,198.433
32572,717,Ty Johnson,2015,0.8569,3,RB,Maryland,40.0,Maryland,2019.0,186.0,6.0,13.0,Running Back,0,3915411.0,Maryland,39.0,0.285,11.121,1.796,9.326,RB,2015.0,1.239,126.54
34956,1151,Andy Isabella,2015,0.8399,3,ATH,UMass,70.0,UMass,2019.0,62.0,2.0,30.0,Wide Receiver,1,3914328.0,UMass,7.0,-0.094,-0.659,-1.712,1.053,WR,2015.0,1.858,252.621
33579,1759,Ryquell Armstead,2015,0.8116,3,RB,Temple,62.0,Temple,2019.0,140.0,5.0,2.0,Running Back,0,3923397.0,Temple,54.0,-0.028,-1.488,-1.091,-0.397,RB,2015.0,0.42900000000000005,84.164
33630,1817,Tony Pollard,2015,0.8093,3,APB,Memphis,59.0,Memphis,2019.0,128.0,4.0,26.0,Running Back,0,3916148.0,Memphis,71.0,0.284,20.145,15.509,4.636,RB,2016.0,1.0070000000000001,96.133
33681,1868,Olabisi Johnson,2015,0.8072,3,WR,Colorado State,52.0,Colorado State,2019.0,247.0,7.0,33.0,Wide Receiver,0,3917067.0,Colorado State,2.0,1.294,2.587,2.587,,WR,2015.0,3.8200000000000003,146.447
33715,1901,Darrell Henderson,2015,0.8058,3,RB,Memphis,68.0,Memphis,2019.0,70.0,3.0,6.0,Running Back,1,4039359.0,Memphis,112.0,0.235,26.333,18.934,7.399,RB,2016.0,1.159,211.269
33784,1973,Brycen Hopkins,2015,0.8027,3,TE,Purdue,56.0,Purdue,2020.0,136.0,4.0,30.0,Tight End,0,3918003.0,Purdue,17.0,0.778,13.226,13.226,,TE,2016.0,2.764,128.874
33791,1980,Foster Moreau,2015,0.8025,3,TE,LSU,64.0,LSU,2019.0,137.0,4.0,35.0,Tight End,0,3843945.0,LSU,7.0,1.323,9.263,9.263,,TE,2016.0,2.752,54.101
66986,2149,Scott Miller,2015,0.7954,2,WR,Bowling Green,,Bowling Green,2019.0,208.0,6.0,35.0,Wide Receiver,0,3914397.0,Bowling Green,11.0,-0.31,-3.409,-3.409,,WR,2015.0,1.419,166.47500000000002
33958,2158,Josiah Deguara,2015,0.7951,2,TE,Cincinnati,,Cincinnati,2020.0,94.0,3.0,30.0,Tight End,1,3914151.0,Cincinnati,5.0,0.6,3.002,3.48,-0.478,TE,2016.0,2.197,79.188
34024,2225,Josh Oliver,2015,0.7917,2,TE,San José State,71.0,San José State,2019.0,69.0,3.0,5.0,Tight End,1,3921690.0,San José State,5.0,1.255,6.276,6.134,0.142,TE,2015.0,3.094,73.976
35023,2262,Daniel Jones,2015,0.7898,2,DUAL,Duke,80.0,Duke,2019.0,6.0,1.0,6.0,Quarterback,1,3917792.0,Duke,533.0,0.246,131.173,89.469,41.705,QB,2016.0,0.5609999999999999,299.75
34077,2287,Hakeem Butler,2015,0.7891,2,WR,Iowa State,78.0,Iowa State,2019.0,103.0,4.0,1.0,Wide Receiver,0,3917940.0,Iowa State,13.0,1.185,15.404,15.404,,WR,2016.0,2.832,147.56400000000002
34190,2404,Kerrith Whyte Jr.,2015,0.7846,2,RB,Florida Atlantic,46.0,Florida Atlantic,2019.0,222.0,7.0,8.0,Running Back,0,3919104.0,Florida Atlantic,50.0,-0.155,-7.746,-0.898,-6.847,RB,2016.0,0.394,51.885000000000005
67209,12,Mecole Hardman,2016,0.991,5,ATH,Georgia,78.0,Georgia,2019.0,56.0,2.0,24.0,Wide Receiver,1,4035004.0,Georgia,44.0,0.968,42.589,37.861,4.728,WR,2017.0,1.5419999999999998,76.426
35195,14,Isaac Nauta,2016,0.9904,5,TE,Georgia,57.0,Georgia,2019.0,224.0,7.0,10.0,Tight End,0,4035014.0,Georgia,38.0,0.88,33.442,33.442,,TE,2016.0,2.644,71.08
35203,21,Miles Sanders,2016,0.9865,5,RB,Penn State,85.0,Penn State,2019.0,53.0,2.0,21.0,Running Back,1,4045163.0,Penn State,26.0,0.279,7.26,2.586,4.675,RB,2016.0,0.41300000000000003,56.494
35216,34,Tyrie Cleveland,2016,0.981,4,WR,Florida,38.0,Florida,2020.0,252.0,7.0,38.0,Wide Receiver,0,4034964.0,Florida,26.0,0.626,16.284,16.284,,WR,2016.0,2.707,82.649
35221,36,A.J. Brown,2016,0.9803,4,WR,Ole Miss,85.0,Ole Miss,2019.0,51.0,2.0,19.0,Wide Receiver,1,4047646.0,Ole Miss,38.0,0.558,21.204,21.204,,WR,2016.0,2.306,198.597
35219,37,Devin Duvernay,2016,0.9803,4,WR,Texas,74.0,Texas,2020.0,92.0,3.0,28.0,Wide Receiver,1,4039050.0,Texas,29.0,0.885,25.679,25.679,,WR,2016.0,2.926,192.638
35220,38,Kaden Smith,2016,0.9801,4,TE,Stanford,61.0,Stanford,2019.0,176.0,6.0,3.0,Tight End,0,4044452.0,Stanford,35.0,1.182,41.358,41.358,,TE,2017.0,1.994,92.50999999999999
35236,53,N'Keal Harry,2016,0.9732,4,WR,Arizona State,87.0,Arizona State,2019.0,32.0,1.0,32.0,Wide Receiver,1,4047839.0,Arizona State,91.0,0.515,46.89,41.111,5.779,WR,2016.0,1.971,227.058
35252,59,Michael Pittman Jr.,2016,0.9688,4,WR,USC,86.0,USC,2020.0,34.0,2.0,2.0,Wide Receiver,1,4035687.0,USC,7.0,0.984,6.885,6.885,,WR,2016.0,3.552,184.134
35271,90,Dwayne Haskins,2016,0.9561,4,PRO,Ohio State,90.0,Ohio State,2019.0,15.0,1.0,15.0,Quarterback,1,4040616.0,Ohio State,78.0,0.364,28.419,26.064,2.355,QB,2017.0,0.804,294.805
35306,125,Stephen Sullivan,2016,0.9427,4,WR,LSU,50.0,LSU,2020.0,251.0,7.0,37.0,Tight End,0,4035426.0,LSU,22.0,0.718,15.79,12.495,3.296,TE,2017.0,2.4699999999999998,60.91
35310,126,Freddie Swain,2016,0.9423,4,WR,Florida,,Florida,2020.0,214.0,6.0,36.0,Wide Receiver,0,4034950.0,Florida,10.0,1.648,16.479,16.479,,WR,2016.0,3.4619999999999997,82.214
35317,137,Charlie Woerner,2016,0.9386,4,WR,Georgia,,Georgia,2020.0,190.0,6.0,11.0,Tight End,0,4035020.0,Georgia,7.0,0.306,2.144,2.144,,TE,2016.0,1.847,21.718999999999998
35329,157,Cornell Powell,2016,0.9314,4,WR,Clemson,41.0,Clemson,2021.0,181.0,5.0,37.0,Wide Receiver,0,4035465.0,Clemson,14.0,0.348,4.871,4.871,,WR,2016.0,1.863,81.30799999999999
35340,168,Simi Fehoko,2016,0.9285,4,WR,Stanford,56.0,Stanford,2021.0,179.0,5.0,35.0,Wide Receiver,0,4360739.0,Stanford,2.0,-0.416,-0.832,-0.832,,WR,2018.0,1.337,79.15899999999999
35353,170,Chase Claypool,2016,0.9258,4,WR,Notre Dame,78.0,Notre Dame,2020.0,49.0,2.0,17.0,Wide Receiver,1,4046692.0,Notre Dame,9.0,0.873,7.86,7.86,,WR,2016.0,2.692,143.892
35345,171,Dillon Mitchell,2016,0.928,4,WR,Oregon,58.0,Oregon,2019.0,239.0,7.0,25.0,Wide Receiver,0,4038938.0,Oregon,5.0,-0.963,-4.814,-4.814,,WR,2016.0,0.18200000000000005,108.567
35374,189,Luke Farrell,2016,0.9233,4,TE,Ohio State,31.0,Ohio State,2021.0,145.0,5.0,1.0,Tight End,0,4040612.0,Ohio State,2.0,0.585,1.17,1.17,,TE,2017.0,3.2590000000000003,30.706
35385,198,Collin Johnson,2016,0.9225,4,WR,Texas,68.0,Texas,2020.0,165.0,5.0,20.0,Wide Receiver,0,4039043.0,Texas,41.0,0.706,28.938,28.938,,WR,2016.0,2.597,183.561
35409,215,Bryan Edwards,2016,0.9169,4,WR,South Carolina,69.0,South Carolina,2020.0,81.0,3.0,17.0,Wide Receiver,1,4038818.0,South Carolina,74.0,0.488,36.105,36.105,,WR,2016.0,1.986,179.69299999999998
35426,238,Travis Homer,2016,0.9109,4,RB,Miami,47.0,Miami,2019.0,204.0,6.0,31.0,Running Back,0,4037457.0,Miami,6.0,0.134,0.806,,0.806,RB,2016.0,0.39,48.455
36335,246,Riley Ridley,2016,0.9089,4,WR,Georgia,78.0,Georgia,2019.0,126.0,4.0,24.0,Wide Receiver,0,4035015.0,Georgia,21.0,1.134,23.819,21.058,2.761,WR,2016.0,2.7279999999999998,92.197
67219,273,Dez Fitzpatrick,2016,0.9048,4,WR,Louisville,57.0,Louisville,2021.0,109.0,4.0,4.0,Wide Receiver,0,4036026.0,Louisville,71.0,0.809,57.447,57.447,,WR,2017.0,3.0700000000000003,184.015
35487,311,Trayveon Williams,2016,0.8949,4,APB,Texas A&M,76.0,Texas A&M,2019.0,182.0,6.0,9.0,Running Back,0,4035222.0,Texas A&M,175.0,0.185,32.404,-0.944,33.348,RB,2016.0,0.46799999999999997,113.893
35509,336,Chris Evans,2016,0.8911,4,APB,Michigan,56.0,Michigan,2021.0,202.0,6.0,18.0,Running Back,0,4046530.0,Michigan,94.0,0.215,20.237,8.155,12.082,RB,2016.0,1.036,79.819
35544,366,Demetric Felton,2016,0.8838,3,APB,UCLA,64.0,UCLA,2021.0,211.0,6.0,27.0,Wide Receiver,0,4035826.0,UCLA,12.0,0.327,3.922,-2.276,6.198,RB,2017.0,0.751,59.448
35626,408,Denzel Mims,2016,0.8792,3,WR,Baylor,85.0,Baylor,2020.0,59.0,2.0,27.0,Wide Receiver,1,4035403.0,Baylor,7.0,-0.179,-1.255,-1.255,,WR,2016.0,2.0309999999999997,220.17600000000002
35642,467,Josh Jacobs,2016,0.8725,3,APB,Alabama,89.0,Alabama,2019.0,24.0,1.0,24.0,Running Back,1,4047365.0,Alabama,60.0,0.307,18.394,9.019,9.375,RB,2017.0,0.772,80.223
35696,515,Ian Book,2016,0.8681,3,PRO,Notre Dame,43.0,Notre Dame,2021.0,133.0,4.0,28.0,Quarterback,0,4046678.0,Notre Dame,112.0,0.218,24.362,9.857,14.505,QB,2017.0,1.343,538.58
67224,526,Irv Smith Jr.,2016,0.8671,3,TE,Alabama,87.0,Alabama,2019.0,50.0,2.0,18.0,Tight End,1,4040980.0,Alabama,15.0,0.482,7.233,7.233,,TE,2017.0,1.188,46.081999999999994
35715,534,Noah Fant,2016,0.8665,3,ATH,Iowa,90.0,Iowa,2019.0,20.0,1.0,20.0,Tight End,1,4036131.0,Iowa,11.0,0.684,7.524,7.524,,TE,2016.0,2.132,93.25800000000001
35729,548,Kelvin Harmon,2016,0.8655,3,WR,NC State,72.0,NC State,2019.0,206.0,6.0,33.0,Wide Receiver,0,4036163.0,NC State,36.0,0.957,34.436,34.436,,WR,2016.0,2.381,183.714
35739,559,Tyler Johnson,2016,0.8643,3,ATH,Minnesota,54.0,Minnesota,2020.0,161.0,5.0,16.0,Wide Receiver,0,246044.0,Minnesota,17.0,0.445,7.57,7.57,,WR,2016.0,2.938,255.79500000000002
35791,612,Albert Okwuegbunam,2016,0.8609,3,TE,Missouri,70.0,Missouri,2020.0,118.0,4.0,12.0,Tight End,0,4035115.0,Missouri,34.0,1.411,47.969,47.969,,TE,2017.0,2.997,116.81
35838,657,Justin Herbert,2016,0.8584,3,PRO,Oregon,89.0,Oregon,2020.0,6.0,1.0,6.0,Quarterback,1,4038941.0,Oregon,312.0,0.32,99.795,91.068,8.726,QB,2016.0,1.582,579.202
35839,658,Kyle Williams,2016,0.8583,3,ATH,Arizona State,43.0,Arizona State,2010.0,206.0,6.0,37.0,Wide Receiver,0,183335.0,Arizona State,8.0,0.002,0.018,0.018,,WR,2016.0,1.401,103.098
35839,658,Kyle Williams,2016,0.8583,3,ATH,Arizona State,43.0,Arizona State,2010.0,206.0,6.0,37.0,Wide Receiver,0,4252364.0,Arizona State,95.0,0.55,52.242,50.153,2.089,WR,2017.0,1.401,103.098
35840,659,Alexander Mattison,2016,0.8583,3,RB,Boise State,69.0,Boise State,2019.0,102.0,3.0,38.0,Running Back,1,4048244.0,Boise State,73.0,0.221,16.146,2.484,13.662,RB,2016.0,0.403,67.321
67231,668,Joe Reed,2016,0.8575,3,WR,Virginia,66.0,Virginia,2020.0,151.0,5.0,5.0,Wide Receiver,0,4037591.0,Virginia,7.0,0.589,4.121,5.256,-1.134,WR,2016.0,2.424,100.557
35883,702,Marquez Stevenson,2016,0.8559,3,WR,Houston,63.0,Houston,2021.0,203.0,6.0,19.0,Wide Receiver,0,4039307.0,Houston,128.0,0.643,82.288,76.169,6.119,WR,2018.0,2.071,163.914
35888,707,Quintez Cephus,2016,0.8557,3,WR,Wisconsin,39.0,Wisconsin,2020.0,166.0,5.0,21.0,Wide Receiver,0,4035793.0,Wisconsin,9.0,0.755,6.799,5.296,1.503,WR,2016.0,2.846,127.931
36114,934,Gerrid Doaks,2016,0.8456,3,ATH,Cincinnati,,Cincinnati,2021.0,244.0,7.0,17.0,Running Back,0,4037478.0,Cincinnati,106.0,0.283,29.983,8.281,21.702,RB,2017.0,0.582,69.319
36141,961,Justice Hill,2016,0.8443,3,APB,Oklahoma State,72.0,Oklahoma State,2019.0,113.0,4.0,11.0,Running Back,0,4038441.0,Oklahoma State,207.0,0.168,34.696,2.581,32.114,RB,2016.0,0.504,116.917
36180,1000,Kene Nwangwu,2016,0.8426,3,RB,Iowa State,,Iowa State,2021.0,119.0,4.0,14.0,Running Back,0,4035537.0,Iowa State,29.0,0.076,2.206,0.089,2.116,RB,2016.0,0.376,8.428
36272,1098,Zack Moss,2016,0.8389,3,RB,Utah,80.0,Utah,2020.0,86.0,3.0,22.0,Running Back,1,4035676.0,Utah,83.0,0.03,2.53,-0.146,2.676,RB,2016.0,0.843,188.705
36300,1126,Frank Darby,2016,0.8377,3,WR,Arizona State,65.0,Arizona State,2021.0,187.0,6.0,3.0,Wide Receiver,0,4047836.0,Arizona State,13.0,1.633,21.232,18.599,2.632,WR,2017.0,3.425,92.153
36308,1134,Dezmon Patmon,2016,0.8375,3,WR,Washington State,48.0,Washington State,2020.0,212.0,6.0,33.0,Wide Receiver,0,4054085.0,Washington State,2.0,1.171,2.342,2.342,,WR,2016.0,2.8360000000000003,123.667
36376,1201,David Montgomery,2016,0.8348,3,RB,Iowa State,75.0,Iowa State,2019.0,73.0,3.0,9.0,Running Back,1,4035538.0,Iowa State,125.0,-0.003,-0.358,2.85,-3.208,RB,2016.0,0.223,63.248000000000005
36544,1417,John Bates,2016,0.8284,3,TE,Boise State,53.0,Boise State,2021.0,124.0,4.0,19.0,Tight End,0,4048228.0,Boise State,3.0,1.536,4.609,4.609,,TE,2017.0,3.712,42.981
36545,1418,Jake Funk,2016,0.8282,3,RB,Maryland,,Maryland,2021.0,233.0,7.0,5.0,Running Back,0,4036224.0,Maryland,36.0,0.118,4.245,5.483,-1.238,RB,2016.0,1.826,52.211
36590,1465,T.J. Hockenson,2016,0.8257,3,TE,Iowa,92.0,Iowa,2019.0,8.0,1.0,8.0,Tight End,1,4036133.0,Iowa,30.0,1.343,40.285,38.281,2.005,TE,2017.0,2.371,107.077
36663,1538,D'Wayne Eskridge,2016,0.8228,3,APB,Western Michigan,80.0,Western Michigan,2021.0,56.0,2.0,24.0,Wide Receiver,1,4043016.0,Western Michigan,24.0,0.253,6.08,7.228,-1.148,WR,2016.0,3.5,121.711
36766,1642,Jordan Love,2016,0.8191,3,PRO,Utah State,90.0,Utah State,2020.0,26.0,1.0,26.0,Quarterback,1,4036378.0,Utah State,273.0,0.192,52.547,38.012,14.535,QB,2017.0,0.865,379.974
37033,1922,Devin Singletary,2016,0.8078,3,RB,Florida Atlantic,65.0,Florida Atlantic,2019.0,74.0,3.0,10.0,Running Back,1,4040761.0,Florida Atlantic,161.0,0.256,41.23,-2.187,43.416,RB,2016.0,0.86,221.47
37224,2119,Kyle Trask,2016,0.7984,3,PRO,Florida,78.0,Florida,2021.0,64.0,2.0,32.0,Quarterback,1,4034946.0,Florida,27.0,0.31,8.363,7.666,0.697,QB,2018.0,1.208,419.846
67309,2249,Quez Watkins,2016,0.7924,2,WR,Southern Mississippi,61.0,Southern Mississippi,2020.0,200.0,6.0,21.0,Wide Receiver,0,4050373.0,Southern Mississippi,43.0,0.314,13.509,13.509,,WR,2017.0,1.721,155.446
37354,2254,Cole McDonald,2016,0.7924,2,PRO,Hawai'i,45.0,Hawai'i,2020.0,224.0,7.0,10.0,Quarterback,0,4038220.0,Hawai'i,25.0,0.228,5.71,-2.759,8.469,QB,2017.0,0.9059999999999999,420.995
37369,2269,Jalen Camp,2016,0.7912,2,WR,Georgia Tech,,Georgia Tech,2021.0,209.0,6.0,25.0,Wide Receiver,0,4037311.0,Georgia Tech,2.0,1.662,3.325,3.325,,WR,2017.0,4.311999999999999,46.599000000000004
37550,2464,Darnell Mooney,2016,0.7882,2,WR,Tulane,,Tulane,2020.0,173.0,5.0,28.0,Wide Receiver,0,4040655.0,Tulane,55.0,0.073,4.026,4.595,-0.569,WR,2016.0,2.133,146.881
38206,3646,Jason Huntley,2016,0.7642,2,RB,New Mexico State,,New Mexico State,2020.0,172.0,5.0,27.0,Running Back,0,4040790.0,New Mexico State,44.0,-0.028,-1.236,-1.246,0.01,RB,2016.0,0.507,90.803
38266,3706,Raymond Calais,2016,0.7609,2,RB,Louisiana,38.0,Louisiana,2020.0,245.0,7.0,31.0,Running Back,0,4040732.0,Louisiana,23.0,-0.015,-0.345,,-0.345,RB,2016.0,0.858,77.111
38314,3754,Harrison Bryant,2016,0.7581,2,TE,Florida Atlantic,74.0,Florida Atlantic,2020.0,115.0,4.0,9.0,Tight End,0,4040774.0,Florida Atlantic,3.0,0.945,2.834,2.834,,TE,2016.0,3.6159999999999997,164.341
38371,3810,Darrynton Evans,2016,0.7519,2,S,Appalachian State,60.0,Appalachian State,2020.0,93.0,3.0,29.0,Running Back,1,4036431.0,Appalachian State,55.0,-0.085,-4.689,-0.395,-4.294,RB,2016.0,0.302,89.654
38628,2,Najee Harris,2017,0.9984,5,RB,Alabama,89.0,Alabama,2021.0,24.0,1.0,24.0,Running Back,1,4241457.0,Alabama,71.0,0.213,15.103,1.696,13.407,RB,2017.0,1.062,207.735
38627,3,Cam Akers,2017,0.9984,5,RB,Florida State,81.0,Florida State,2020.0,52.0,2.0,20.0,Running Back,1,4240021.0,Florida State,212.0,0.131,27.87,13.389,14.48,RB,2017.0,0.332,79.12200000000001
38637,12,Donovan Peoples-Jones,2017,0.9922,5,WR,Michigan,64.0,Michigan,2020.0,187.0,6.0,8.0,Wide Receiver,0,4258195.0,Michigan,46.0,0.25,11.481,9.012,2.469,WR,2017.0,1.496,91.658
38640,15,Davis Mills,2017,0.9908,5,PRO,Stanford,79.0,Stanford,2021.0,67.0,3.0,3.0,Quarterback,1,4242546.0,Stanford,3.0,-0.669,-2.007,-2.041,0.033,QB,2018.0,0.02699999999999997,166.199
38644,19,Tee Higgins,2017,0.9897,5,WR,Clemson,88.0,Clemson,2020.0,33.0,2.0,1.0,Wide Receiver,1,4239993.0,Clemson,22.0,1.214,26.706,26.706,,WR,2017.0,3.048,190.65
38646,21,Jerry Jeudy,2017,0.9878,5,WR,Alabama,94.0,Alabama,2020.0,15.0,1.0,15.0,Wide Receiver,1,4241463.0,Alabama,20.0,1.006,20.111,20.111,,WR,2017.0,2.634,173.166
38657,32,Tua Tagovailoa,2017,0.9834,5,DUAL,Alabama,93.0,Alabama,2020.0,5.0,1.0,5.0,Quarterback,1,4241479.0,Alabama,103.0,0.383,39.479,29.144,10.335,QB,2017.0,1.665,438.9
38658,33,D'Andre Swift,2017,0.9838,5,RB,Georgia,91.0,Georgia,2020.0,35.0,2.0,3.0,Running Back,1,4259545.0,Georgia,101.0,0.271,27.386,7.71,19.676,RB,2017.0,0.795,132.60399999999998
38661,36,Colby Parkinson,2017,0.982,4,TE,Stanford,66.0,Stanford,2020.0,133.0,4.0,27.0,Tight End,0,4242557.0,Stanford,15.0,1.258,18.867,18.867,,TE,2017.0,2.636,103.17500000000001
38672,44,Jake Fromm,2017,0.9794,4,PRO,Georgia,82.0,Georgia,2020.0,167.0,5.0,22.0,Quarterback,0,4240689.0,Georgia,342.0,0.465,159.096,139.757,19.339,QB,2017.0,1.2930000000000001,466.497
38668,46,J.K. Dobbins,2017,0.9791,4,APB,Ohio State,89.0,Ohio State,2020.0,55.0,2.0,23.0,Running Back,1,4241985.0,Ohio State,219.0,0.31,67.919,3.791,64.128,RB,2017.0,0.802,219.30700000000002
67818,62,DeVonta Smith,2017,0.9717,4,WR,Alabama,93.0,Alabama,2021.0,10.0,1.0,10.0,Wide Receiver,1,4241478.0,Alabama,15.0,0.681,10.219,10.219,,WR,2017.0,3.647,304.003
38702,75,Henry Ruggs III,2017,0.964,4,WR,Alabama,92.0,Alabama,2020.0,12.0,1.0,12.0,Wide Receiver,1,4241475.0,Alabama,18.0,1.171,21.069,21.069,,WR,2017.0,2.943,123.63
38709,82,Cole Kmet,2017,0.9609,4,TE,Notre Dame,85.0,Notre Dame,2020.0,43.0,2.0,11.0,Tight End,1,4258595.0,Notre Dame,5.0,-0.482,-2.412,-2.412,,TE,2017.0,1.006,56.469
38716,96,Jalen Reagor,2017,0.9566,4,WR,TCU,82.0,TCU,2020.0,21.0,1.0,21.0,Wide Receiver,1,4241802.0,TCU,60.0,0.769,46.153,42.331,3.823,WR,2017.0,1.452,122.039
38733,108,Kellen Mond,2017,0.9488,4,DUAL,Texas A&M,77.0,Texas A&M,2021.0,66.0,3.0,2.0,Quarterback,1,4240904.0,Texas A&M,314.0,0.143,44.956,25.545,19.411,QB,2017.0,1.085,504.552
38740,117,Amari Rodgers,2017,0.9453,4,WR,Clemson,74.0,Clemson,2021.0,85.0,3.0,22.0,Wide Receiver,1,4239992.0,Clemson,26.0,-0.075,-1.957,1.665,-3.622,WR,2017.0,1.6280000000000001,118.47200000000001
38744,119,Sam Ehlinger,2017,0.9426,4,DUAL,Texas,38.0,Texas,2021.0,218.0,6.0,34.0,Quarterback,0,4241820.0,Texas,390.0,0.13,50.856,31.015,19.841,QB,2017.0,1.209,644.0319999999999
38742,121,Tylan Wallace,2017,0.9442,4,WR,Oklahoma State,76.0,Oklahoma State,2021.0,131.0,4.0,26.0,Wide Receiver,0,4241424.0,Oklahoma State,11.0,1.077,11.847,11.847,,WR,2017.0,3.402,250.183
38764,131,Eno Benjamin,2017,0.94,4,RB,Arizona State,53.0,Arizona State,2020.0,222.0,7.0,8.0,Running Back,0,4242873.0,Arizona State,29.0,0.07,2.037,-1.9,3.937,RB,2017.0,0.41100000000000003,114.33500000000001
38761,138,Nico Collins,2017,0.9378,4,WR,Michigan,75.0,Michigan,2021.0,89.0,3.0,26.0,Wide Receiver,1,4258173.0,Michigan,3.0,0.683,2.049,2.049,,WR,2017.0,2.5540000000000003,104.04400000000001
38781,148,CeeDee Lamb,2017,0.9358,4,WR,Oklahoma,92.0,Oklahoma,2020.0,17.0,1.0,17.0,Wide Receiver,1,4241389.0,Oklahoma,65.0,1.029,66.894,66.894,,WR,2017.0,3.195,264.153
67824,164,Lynn Bowden Jr.,2017,0.9307,4,ATH,Kentucky,60.0,Kentucky,2020.0,80.0,3.0,16.0,Wide Receiver,1,4259979.0,Kentucky,36.0,0.304,10.931,10.1,0.83,WR,2017.0,1.1260000000000001,147.553
38826,210,Kylin Hill,2017,0.9184,4,RB,Mississippi State,44.0,Mississippi State,2021.0,256.0,7.0,29.0,Running Back,0,4259805.0,Mississippi State,78.0,0.162,12.639,3.629,9.011,RB,2017.0,0.8380000000000001,102.691
38837,213,Travis Etienne,2017,0.9171,4,RB,Clemson,90.0,Clemson,2021.0,25.0,1.0,25.0,Running Back,1,4239996.0,Clemson,112.0,0.471,52.747,3.908,48.839,RB,2017.0,1.814,357.523
38847,226,Shi Smith,2017,0.9131,4,ATH,South Carolina,73.0,South Carolina,2021.0,204.0,6.0,20.0,Wide Receiver,0,4259499.0,South Carolina,39.0,0.826,32.229,32.229,,WR,2017.0,2.364,139.677
38889,255,DeeJay Dallas,2017,0.9062,4,ATH,Miami,57.0,Miami,2020.0,144.0,4.0,38.0,Running Back,0,4240631.0,Miami,46.0,0.288,13.234,4.62,8.613,RB,2017.0,0.659,59.668000000000006
38893,276,Isaiah Hodgins,2017,0.8995,4,WR,Oregon State,51.0,Oregon State,2020.0,207.0,6.0,28.0,Wide Receiver,0,4242540.0,Oregon State,48.0,0.401,19.233,19.316,-0.084,WR,2017.0,2.125,199.687
38941,323,KJ Hamler,2017,0.8919,4,WR,Penn State,75.0,Penn State,2020.0,46.0,2.0,14.0,Wide Receiver,1,4240380.0,Penn State,77.0,0.443,34.075,32.007,2.068,WR,2018.0,0.915,81.322
38976,357,Chuba Hubbard,2017,0.8868,3,RB,Oklahoma State,61.0,Oklahoma State,2021.0,126.0,4.0,21.0,Running Back,0,4241416.0,Oklahoma State,150.0,0.388,58.16,20.795,37.365,RB,2018.0,0.8310000000000001,179.704
38993,371,Jonathan Taylor,2017,0.8854,3,RB,Wisconsin,87.0,Wisconsin,2020.0,41.0,2.0,9.0,Running Back,1,4242335.0,Wisconsin,306.0,0.195,59.648,2.585,57.063,RB,2017.0,0.738,235.439
39022,377,Clyde Edwards-Helaire,2017,0.8845,3,APB,LSU,88.0,LSU,2020.0,32.0,1.0,32.0,Running Back,1,4242214.0,LSU,12.0,0.017,0.203,5.317,-5.113,RB,2017.0,0.46499999999999997,112.35000000000001
39016,398,Mac Jones,2017,0.8815,3,PRO,Alabama,90.0,Alabama,2021.0,15.0,1.0,15.0,Quarterback,1,4241464.0,Alabama,15.0,-0.116,-1.743,1.561,-3.304,QB,2018.0,1.018,366.63300000000004
67835,406,AJ Dillon,2017,0.8803,3,ATH,Boston College,71.0,Boston College,2020.0,62.0,2.0,30.0,Running Back,1,4239934.0,Boston College,297.0,0.144,42.713,,42.713,RB,2017.0,0.39399999999999996,121.828
39038,420,Kadarius Toney,2017,0.879,3,ATH,Florida,88.0,Florida,2021.0,20.0,1.0,20.0,Wide Receiver,1,4240600.0,Florida,33.0,0.566,18.681,12.612,6.068,WR,2017.0,2.157,140.478
39048,432,Michael Carter,2017,0.8772,3,APB,North Carolina,74.0,North Carolina,2021.0,107.0,4.0,2.0,Running Back,0,4240657.0,North Carolina,112.0,0.197,22.068,6.571,15.496,RB,2017.0,0.853,133.803
39157,533,Dalton Keene,2017,0.8665,3,ATH,Virginia Tech,49.0,Virginia Tech,2020.0,101.0,3.0,37.0,Tight End,1,4240861.0,Virginia Tech,10.0,0.707,7.073,7.073,,TE,2017.0,2.052,52.077
39233,607,Racey McMath,2017,0.861,3,WR,LSU,39.0,LSU,2021.0,205.0,6.0,21.0,Wide Receiver,0,4242231.0,LSU,2.0,1.403,2.807,2.807,,WR,2018.0,3.333,39.036
39441,813,Ben Mason,2017,0.851,3,ILB,Michigan,35.0,Michigan,2021.0,184.0,5.0,40.0,Fullback,0,4258190.0,Michigan,3.0,0.455,1.365,,1.365,TE,2017.0,2.699,22.595
39461,833,Josh Palmer,2017,0.8502,3,WR,Tennessee,55.0,Tennessee,2021.0,77.0,3.0,14.0,Wide Receiver,1,4242433.0,Tennessee,23.0,0.1,2.298,0.495,1.803,WR,2017.0,1.596,82.815
39649,1020,Larry Rountree III,2017,0.8435,3,RB,Missouri,55.0,Missouri,2021.0,198.0,6.0,14.0,Running Back,0,4241205.0,Missouri,133.0,0.194,25.776,5.398,20.379,RB,2017.0,0.46799999999999997,88.082
39668,1039,Dazz Newsome,2017,0.8429,3,ATH,North Carolina,37.0,North Carolina,2021.0,221.0,6.0,37.0,Wide Receiver,0,4240661.0,North Carolina,36.0,0.409,14.712,13.0,1.712,WR,2017.0,2.59,193.55700000000002
40091,1457,Noah Gray,2017,0.8261,3,TE,Duke,59.0,Duke,2021.0,162.0,5.0,18.0,Tight End,0,4240472.0,Duke,5.0,1.301,6.504,6.504,,TE,2017.0,3.6559999999999997,87.319
40227,1593,Ihmir Smith-Marsette,2017,0.8208,3,CB,Iowa,58.0,Iowa,2021.0,157.0,5.0,13.0,Wide Receiver,0,4240573.0,Iowa,25.0,0.231,5.764,5.319,0.445,WR,2017.0,1.846,109.29400000000001
40262,1628,Hunter Long,2017,0.8191,3,TE,Boston College,82.0,Boston College,2021.0,81.0,3.0,18.0,Tight End,1,4239944.0,Boston College,4.0,3.146,12.583,12.583,,TE,2018.0,4.887,94.099
40303,1669,Gary Brightwell,2017,0.8179,3,ATH,Arizona,31.0,Arizona,2021.0,196.0,6.0,12.0,Running Back,0,4245645.0,Arizona,92.0,0.063,5.836,-3.181,9.016,RB,2018.0,0.494,37.44
40322,1688,Jaelon Darden,2017,0.8166,3,WR,North Texas,31.0,North Texas,2021.0,129.0,4.0,24.0,Wide Receiver,0,4243830.0,North Texas,50.0,0.135,6.763,8.354,-1.591,WR,2017.0,1.917,176.179
40508,1874,Gabriel Davis,2017,0.8097,3,WR,UCF,57.0,UCF,2020.0,128.0,4.0,22.0,Wide Receiver,0,4243537.0,UCF,38.0,0.714,27.133,27.133,,WR,2017.0,2.08,163.713
41621,2984,Elijah Mitchell,2017,0.7716,2,WR,Louisiana,47.0,Louisiana,2021.0,194.0,6.0,10.0,Running Back,0,4241555.0,Louisiana,36.0,0.246,8.856,0.862,7.994,RB,2017.0,1.299,200.228
42908,1,Trevor Lawrence,2018,0.9999,5,PRO,Clemson,97.0,Clemson,2021.0,1.0,1.0,1.0,Quarterback,1,4360310.0,Clemson,435.0,0.4,173.93,155.946,17.984,QB,2018.0,1.369,609.888
42918,11,Amon-Ra St. Brown,2018,0.9948,5,WR,USC,66.0,USC,2021.0,112.0,4.0,7.0,Wide Receiver,0,4374302.0,USC,72.0,0.691,49.771,49.602,0.169,WR,2018.0,1.998,156.382
42940,33,Brevin Jordan,2018,0.982,4,TE,Miami,71.0,Miami,2021.0,147.0,5.0,3.0,Tight End,0,4362504.0,Miami,40.0,0.444,17.779,17.779,,TE,2018.0,2.099,103.594
42946,39,Jaylen Waddle,2018,0.9791,4,WR,Alabama,93.0,Alabama,2021.0,6.0,1.0,6.0,Wide Receiver,1,4372016.0,Alabama,51.0,1.157,59.004,59.004,,WR,2018.0,3.63,151.073
43069,162,Kyle Pitts,2018,0.9334,4,TE,Florida,94.0,Florida,2021.0,4.0,1.0,4.0,Tight End,1,4360248.0,Florida,6.0,0.971,5.828,5.828,,TE,2018.0,2.523,117.30600000000001
43070,163,Anthony Schwartz,2018,0.9334,4,WR,Auburn,76.0,Auburn,2021.0,91.0,3.0,28.0,Wide Receiver,1,4371986.0,Auburn,58.0,0.601,34.881,22.986,11.896,WR,2018.0,1.718,114.14699999999999
43088,181,Dyami Brown,2018,0.9272,4,ATH,North Carolina,71.0,North Carolina,2021.0,82.0,3.0,19.0,Wide Receiver,1,4361577.0,North Carolina,30.0,0.123,3.691,3.691,,WR,2018.0,1.883,148.841
43092,185,Seth Williams,2018,0.9259,4,WR,Auburn,59.0,Auburn,2021.0,219.0,6.0,35.0,Wide Receiver,0,4371974.0,Auburn,41.0,1.089,44.629,44.629,,WR,2018.0,2.043,138.148
43110,203,Elijah Moore,2018,0.9205,4,WR,Ole Miss,90.0,Ole Miss,2021.0,34.0,2.0,2.0,Wide Receiver,1,4372414.0,Ole Miss,51.0,0.362,18.454,19.585,-1.131,WR,2018.0,1.596,140.379
43131,224,Pat Freiermuth,2018,0.9149,4,TE,Penn State,80.0,Penn State,2021.0,55.0,2.0,23.0,Tight End,1,4361411.0,Penn State,42.0,0.663,27.86,27.86,,TE,2018.0,2.372,108.264
43136,229,Rondale Moore,2018,0.9123,4,WR,Purdue,81.0,Purdue,2021.0,49.0,2.0,17.0,Wide Receiver,1,4372485.0,Purdue,164.0,0.613,100.539,88.743,11.796,WR,2018.0,1.423,139.103
43274,367,Rashod Bateman,2018,0.8914,4,WR,Minnesota,89.0,Minnesota,2021.0,27.0,1.0,27.0,Wide Receiver,1,4360939.0,Minnesota,88.0,0.361,31.751,31.751,,WR,2018.0,2.143,165.974
43397,490,Tommy Tremble,2018,0.8797,3,TE,Notre Dame,73.0,Notre Dame,2021.0,83.0,3.0,20.0,Tight End,1,4372780.0,Notre Dame,20.0,1.045,20.899,20.899,,TE,2019.0,1.3719999999999999,29.391000000000002
43684,777,Jermar Jefferson,2018,0.8619,3,RB,Oregon State,59.0,Oregon State,2021.0,257.0,7.0,30.0,Running Back,0,4374033.0,Oregon State,268.0,0.196,52.427,6.62,45.807,RB,2018.0,0.59,110.34100000000001
67917,958,Zach Wilson,2018,0.854,3,PRO,BYU,93.0,BYU,2021.0,2.0,1.0,2.0,Quarterback,1,4361259.0,BYU,255.0,0.325,82.769,56.697,26.072,QB,2018.0,1.188,381.845
44383,1476,Javonte Williams,2018,0.8344,3,RB,North Carolina,88.0,North Carolina,2021.0,35.0,2.0,3.0,Running Back,1,4361579.0,North Carolina,52.0,0.345,17.956,-3.306,21.261,RB,2018.0,1.12,161.255
67931,1614,Kenneth Gainwell,2018,0.828,3,ATH,Memphis,63.0,Memphis,2021.0,150.0,5.0,6.0,Running Back,0,4371733.0,Memphis,287.0,0.319,91.536,49.001,42.535,RB,2019.0,0.319,91.536
46211,3304,Dax Milne,2018,0.7597,2,WR,BYU,34.0,BYU,2021.0,258.0,7.0,31.0,Wide Receiver,0,4373642.0,BYU,24.0,0.272,6.536,6.083,0.454,WR,2018.0,1.22,83.044
